case:concept:name,concept:name,time:timestamp
Human_Single::conversation_1014545_1300.csv::s1,user_neutral,2026-02-10 12:02:25.000
Human_Single::conversation_1014545_1300.csv::s1,user_neutral,2026-02-10 12:02:42.001
Human_Single::conversation_1014545_1300.csv::s1,astro_other,2026-02-10 12:03:13.002
Human_Single::conversation_1014545_1300.csv::s1,astro_other,2026-02-10 12:03:36.003
Human_Single::conversation_1014545_1300.csv::s1,user_neutral,2026-02-10 12:03:41.004
Human_Single::conversation_1014545_1300.csv::s1,astro_other,2026-02-10 12:03:58.005
Human_Single::conversation_1014545_1300.csv::s1,astro_other,2026-02-10 12:04:23.006
Human_Single::conversation_1014545_1300.csv::s1,user_neutral_factual,2026-02-10 12:04:36.007
Human_Single::conversation_1014545_1300.csv::s1,user_emotional_disclosure,2026-02-10 12:05:05.008
Human_Single::conversation_1014545_1300.csv::s1,astro_other,2026-02-10 12:05:15.009
Human_Single::conversation_1014545_1300.csv::s1,user_neutral_factual,2026-02-10 12:05:27.010
Human_Single::conversation_1014545_1300.csv::s1,user_neutral_factual,2026-02-10 12:05:34.011
Human_Single::conversation_1014545_1300.csv::s1,astro_other,2026-02-10 12:05:38.012
Human_Single::conversation_1014545_1300.csv::s1,astro_dated_prediction,2026-02-10 12:06:19.013
Human_Single::conversation_1014545_1300.csv::s1,user_neutral,2026-02-10 12:06:26.014
Human_Single::conversation_1014545_1300.csv::s1,astro_other,2026-02-10 12:06:45.015
Human_Single::conversation_1014545_1300.csv::s1,user_neutral,2026-02-10 12:07:09.016
Human_Single::conversation_1014545_1300.csv::s1,astro_other,2026-02-10 12:07:16.017
Human_Single::conversation_1014545_1300.csv::s1,user_neutral_factual,2026-02-10 12:07:35.018
Human_Single::conversation_1014545_1300.csv::s1,astro_other,2026-02-10 12:07:41.019
Human_Single::conversation_1014545_1300.csv::s1,user_neutral_factual,2026-02-10 12:07:52.020
Human_Single::conversation_1014545_1300.csv::s1,astro_other,2026-02-10 12:07:59.021
Human_Single::conversation_1014545_1300.csv::s1,user_neutral_factual,2026-02-10 12:08:15.022
Human_Single::conversation_1014545_1300.csv::s1,astro_open_thread,2026-02-10 12:08:21.023
Human_Single::conversation_1028497_4.csv::s1,astro_other,2026-02-12 14:41:05.000
Human_Single::conversation_1028497_4.csv::s1,astro_other,2026-02-12 14:41:15.001
Human_Single::conversation_1028497_4.csv::s1,user_neutral,2026-02-12 14:41:32.002
Human_Single::conversation_1028497_4.csv::s1,astro_other,2026-02-12 14:43:52.003
Human_Single::conversation_1028497_4.csv::s1,astro_other,2026-02-12 14:44:01.004
Human_Single::conversation_1028497_4.csv::s1,user_disengaging,2026-02-12 14:44:01.005
Human_Single::conversation_1028497_4.csv::s1,user_neutral_factual,2026-02-12 14:44:24.006
Human_Single::conversation_1028497_4.csv::s1,user_neutral_factual,2026-02-12 14:44:45.007
Human_Single::conversation_1028497_4.csv::s1,user_neutral,2026-02-12 14:47:18.008
Human_Single::conversation_1028497_4.csv::s1,astro_other,2026-02-12 14:49:36.009
Human_Single::conversation_1028497_4.csv::s1,user_neutral_factual,2026-02-12 14:49:40.010
Human_Single::conversation_1028497_4.csv::s1,user_neutral,2026-02-12 14:49:42.011
Human_Single::conversation_1028497_4.csv::s1,user_neutral,2026-02-12 14:49:53.012
Human_Single::conversation_1028497_4.csv::s1,astro_other,2026-02-12 14:49:54.013
Human_Single::conversation_1028497_4.csv::s1,user_neutral_factual,2026-02-12 14:49:59.014
Human_Single::conversation_1028497_4.csv::s1,user_neutral_factual,2026-02-12 14:50:09.015
Human_Single::conversation_1028497_4.csv::s1,user_neutral,2026-02-12 14:50:12.016
Human_Single::conversation_1028497_4.csv::s1,user_emotional_disclosure,2026-02-12 14:50:33.017
Human_Single::conversation_1028497_4.csv::s1,astro_other,2026-02-12 14:50:36.018
Human_Single::conversation_1028497_4.csv::s1,user_neutral_factual,2026-02-12 14:50:46.019
Human_Single::conversation_1028497_4.csv::s1,user_neutral_factual,2026-02-12 14:50:58.020
Human_Single::conversation_1028497_4.csv::s1,user_neutral,2026-02-12 14:51:23.021
Human_Single::conversation_1028497_4.csv::s1,user_neutral,2026-02-12 14:51:26.022
Human_Single::conversation_1028497_4.csv::s1,user_neutral,2026-02-12 14:51:37.023
Human_Single::conversation_1028497_4.csv::s1,user_emotional_disclosure,2026-02-12 14:51:50.024
Human_Single::conversation_1028497_4.csv::s1,astro_other,2026-02-12 14:52:03.025
Human_Single::conversation_1028497_4.csv::s1,astro_other,2026-02-12 14:52:03.026
Human_Single::conversation_1028497_4.csv::s1,user_neutral_factual,2026-02-12 14:52:08.027
Human_Single::conversation_1028497_4.csv::s1,astro_other,2026-02-12 14:52:09.028
Human_Single::conversation_1028497_4.csv::s1,astro_other,2026-02-12 14:52:17.029
Human_Single::conversation_1028497_4.csv::s1,user_emotional_disclosure,2026-02-12 14:52:21.030
Human_Single::conversation_1028497_4.csv::s1,user_emotional_disclosure,2026-02-12 14:52:56.031
Human_Single::conversation_1028497_4.csv::s1,astro_validation,2026-02-12 14:52:58.032
Human_Single::conversation_1028497_4.csv::s1,astro_other,2026-02-12 14:53:17.033
Human_Single::conversation_1028497_4.csv::s1,user_pushback,2026-02-12 14:53:31.034
Human_Single::conversation_1028497_4.csv::s1,user_pushback,2026-02-12 14:53:37.035
Human_Single::conversation_1028497_4.csv::s1,astro_dated_prediction,2026-02-12 14:53:49.036
Human_Single::conversation_1028497_4.csv::s1,user_emotional_disclosure,2026-02-12 14:53:58.037
Human_Single::conversation_1028497_4.csv::s1,astro_callback_within,2026-02-12 14:54:23.038
Human_Single::conversation_1028497_4.csv::s1,user_emotional_disclosure,2026-02-12 14:54:23.039
Human_Single::conversation_1028497_4.csv::s1,astro_callback_within,2026-02-12 14:54:33.040
Human_Single::conversation_1028497_4.csv::s1,astro_callback_within,2026-02-12 14:54:36.041
Human_Single::conversation_1028497_4.csv::s1,user_emotional_disclosure,2026-02-12 14:54:49.042
Human_Single::conversation_1028497_4.csv::s1,user_emotional_disclosure,2026-02-12 14:55:02.043
Human_Single::conversation_1028497_4.csv::s2,user_neutral,2026-02-12 14:40:34.000
Human_Single::conversation_1028497_4.csv::s3,user_neutral,2026-02-12 14:40:56.000
Human_Single::conversation_1028497_4.csv::s3,astro_other,2026-02-12 14:41:05.001
Human_Single::conversation_1028497_4.csv::s3,astro_other,2026-02-12 14:41:15.002
Human_Single::conversation_1028497_4.csv::s3,user_neutral_factual,2026-02-12 14:41:32.003
Human_Single::conversation_1028497_4.csv::s3,astro_callback_within,2026-02-12 14:43:52.004
Human_Single::conversation_1028497_4.csv::s3,astro_callback_within,2026-02-12 14:44:01.005
Human_Single::conversation_1028497_4.csv::s3,user_disengaging,2026-02-12 14:44:01.006
Human_Single::conversation_1028497_4.csv::s3,user_neutral_factual,2026-02-12 14:44:24.007
Human_Single::conversation_1028497_4.csv::s3,user_neutral_factual,2026-02-12 14:44:45.008
Human_Single::conversation_1028497_4.csv::s4,user_neutral,2026-02-12 14:47:18.000
Human_Single::conversation_1028497_4.csv::s5,user_neutral,2026-02-12 14:49:29.000
Human_Single::conversation_1028497_4.csv::s5,astro_other,2026-02-12 14:49:36.001
Human_Single::conversation_1028497_4.csv::s5,user_neutral_factual,2026-02-12 14:49:40.002
Human_Single::conversation_1028497_4.csv::s5,user_neutral,2026-02-12 14:49:42.003
Human_Single::conversation_1028497_4.csv::s5,user_neutral,2026-02-12 14:49:53.004
Human_Single::conversation_1028497_4.csv::s5,astro_other,2026-02-12 14:49:54.005
Human_Single::conversation_1028497_4.csv::s5,user_neutral_factual,2026-02-12 14:49:59.006
Human_Single::conversation_1028497_4.csv::s5,user_neutral_factual,2026-02-12 14:50:09.007
Human_Single::conversation_1028497_4.csv::s5,user_neutral,2026-02-12 14:50:12.008
Human_Single::conversation_1028497_4.csv::s5,user_emotional_disclosure,2026-02-12 14:50:33.009
Human_Single::conversation_1028497_4.csv::s5,astro_callback_within,2026-02-12 14:50:36.010
Human_Single::conversation_1028497_4.csv::s5,user_pushback,2026-02-12 14:50:46.011
Human_Single::conversation_1028497_4.csv::s5,user_neutral_factual,2026-02-12 14:50:58.012
Human_Single::conversation_1028497_4.csv::s5,user_neutral,2026-02-12 14:51:23.013
Human_Single::conversation_1028497_4.csv::s5,user_neutral,2026-02-12 14:51:26.014
Human_Single::conversation_1028497_4.csv::s5,user_neutral,2026-02-12 14:51:37.015
Human_Single::conversation_1028497_4.csv::s5,user_emotional_disclosure,2026-02-12 14:51:50.016
Human_Single::conversation_1028497_4.csv::s5,astro_other,2026-02-12 14:52:03.017
Human_Single::conversation_1028497_4.csv::s5,astro_other,2026-02-12 14:52:03.018
Human_Single::conversation_1028497_4.csv::s5,user_neutral_factual,2026-02-12 14:52:08.019
Human_Single::conversation_1028497_4.csv::s5,astro_callback_within,2026-02-12 14:52:09.020
Human_Single::conversation_1028497_4.csv::s5,astro_callback_within,2026-02-12 14:52:17.021
Human_Single::conversation_1028497_4.csv::s5,user_pushback,2026-02-12 14:52:21.022
Human_Single::conversation_1028497_4.csv::s5,user_emotional_disclosure,2026-02-12 14:52:56.023
Human_Single::conversation_1028497_4.csv::s5,astro_callback_within,2026-02-12 14:52:58.024
Human_Single::conversation_1028497_4.csv::s5,astro_callback_within,2026-02-12 14:53:17.025
Human_Single::conversation_1028497_4.csv::s5,user_pushback,2026-02-12 14:53:31.026
Human_Single::conversation_1028497_4.csv::s5,user_pushback,2026-02-12 14:53:37.027
Human_Single::conversation_1028497_4.csv::s5,astro_dated_prediction,2026-02-12 14:53:49.028
Human_Single::conversation_1028497_4.csv::s5,user_emotional_disclosure,2026-02-12 14:53:58.029
Human_Single::conversation_1028497_4.csv::s5,astro_callback_within,2026-02-12 14:54:23.030
Human_Single::conversation_1028497_4.csv::s5,user_emotional_disclosure,2026-02-12 14:54:23.031
Human_Single::conversation_1028497_4.csv::s5,astro_callback_within,2026-02-12 14:54:33.032
Human_Single::conversation_1028497_4.csv::s5,astro_callback_within,2026-02-12 14:54:36.033
Human_Single::conversation_1028497_4.csv::s5,user_emotional_disclosure,2026-02-12 14:54:49.034
Human_Single::conversation_1028497_4.csv::s5,user_emotional_disclosure,2026-02-12 14:55:02.035
Human_Single::conversation_1058261_2236.csv::s1,user_neutral,2026-02-17 09:21:08.000
Human_Single::conversation_1279776_4.csv::s1,user_neutral,2026-04-17 11:22:25.000
Human_Single::conversation_1279776_4.csv::s1,astro_other,2026-04-17 11:31:56.001
Human_Single::conversation_1279776_4.csv::s1,astro_other,2026-04-17 11:32:03.002
Human_Single::conversation_1279776_4.csv::s1,astro_other,2026-04-17 11:32:08.003
Human_Single::conversation_1279776_4.csv::s1,astro_other,2026-04-17 11:32:11.004
Human_Single::conversation_1279776_4.csv::s1,astro_other,2026-04-17 11:32:17.005
Human_Single::conversation_1279776_4.csv::s1,user_neutral_factual,2026-04-17 11:32:23.006
Human_Single::conversation_1279776_4.csv::s1,user_neutral_factual,2026-04-17 11:32:55.007
Human_Single::conversation_1279776_4.csv::s1,astro_dated_prediction,2026-04-17 11:32:58.008
Human_Single::conversation_1279776_4.csv::s1,astro_other,2026-04-17 11:33:07.009
Human_Single::conversation_1279776_4.csv::s1,user_neutral_factual,2026-04-17 11:33:31.010
Human_Single::conversation_1279776_4.csv::s1,user_neutral_factual,2026-04-17 11:33:35.011
Human_Single::conversation_1279776_4.csv::s1,astro_other,2026-04-17 11:33:45.012
Human_Single::conversation_1279776_4.csv::s1,astro_other,2026-04-17 11:33:48.013
Human_Single::conversation_1279776_4.csv::s1,user_neutral_factual,2026-04-17 11:34:49.014
Human_Single::conversation_1279776_4.csv::s1,astro_other,2026-04-17 11:42:38.015
Human_Single::conversation_1279776_4.csv::s1,astro_other,2026-04-17 11:42:47.016
Human_Single::conversation_1279776_4.csv::s1,user_neutral_factual,2026-04-17 11:42:57.017
Human_Single::conversation_1279776_4.csv::s1,astro_other,2026-04-17 11:42:58.018
Human_Single::conversation_1279776_4.csv::s1,astro_other,2026-04-17 11:43:15.019
Human_Single::conversation_1279776_4.csv::s1,user_neutral_factual,2026-04-17 11:43:24.020
Human_Single::conversation_1279776_4.csv::s1,user_neutral_factual,2026-04-17 11:43:48.021
Human_Single::conversation_1279776_4.csv::s1,user_neutral_factual,2026-04-17 12:16:26.022
Human_Single::conversation_1279776_4.csv::s1,user_pushback,2026-04-17 12:20:22.023
Human_Single::conversation_1279776_4.csv::s1,astro_other,2026-04-17 12:23:09.024
Human_Single::conversation_1279776_4.csv::s1,astro_other,2026-04-17 12:23:15.025
Human_Single::conversation_1279776_4.csv::s1,astro_dated_prediction,2026-04-17 12:23:20.026
Human_Single::conversation_1279776_4.csv::s1,astro_other,2026-04-17 12:23:25.027
Human_Single::conversation_1279776_4.csv::s1,user_enthusiastic,2026-04-17 12:23:35.028
Human_Single::conversation_1279776_4.csv::s1,astro_callback_within,2026-04-17 12:23:43.029
Human_Single::conversation_1279776_4.csv::s1,astro_other,2026-04-17 12:23:46.030
Human_Single::conversation_1279776_4.csv::s1,user_neutral_factual,2026-04-17 12:23:55.031
Human_Single::conversation_1348732_1411.csv::s1,user_neutral,2026-03-29 02:35:13.000
Human_Single::conversation_1389813_2387.csv::s1,user_neutral,2026-04-03 07:02:05.000
Human_Single::conversation_1393970_340.csv::s1,user_neutral,2026-04-04 02:50:16.000
Human_Single::conversation_1393970_340.csv::s1,astro_other,2026-04-04 02:50:20.001
Human_Single::conversation_1393970_340.csv::s1,astro_other,2026-04-04 02:50:23.002
Human_Single::conversation_1393970_340.csv::s1,user_neutral_factual,2026-04-04 02:50:43.003
Human_Single::conversation_1393970_340.csv::s1,astro_other,2026-04-04 02:51:14.004
Human_Single::conversation_1393970_340.csv::s1,astro_other,2026-04-04 02:51:20.005
Human_Single::conversation_1393970_340.csv::s1,user_neutral,2026-04-04 02:52:03.006
Human_Single::conversation_1393970_340.csv::s1,astro_other,2026-04-04 02:52:24.007
Human_Single::conversation_1393970_340.csv::s1,user_neutral_factual,2026-04-04 02:52:40.008
Human_Single::conversation_1393970_340.csv::s1,astro_other,2026-04-04 02:52:51.009
Human_Single::conversation_1393970_340.csv::s1,astro_other,2026-04-04 02:52:58.010
Human_Single::conversation_1393970_340.csv::s1,astro_other,2026-04-04 02:53:12.011
Human_Single::conversation_1393970_340.csv::s1,user_neutral_factual,2026-04-04 02:53:31.012
Human_Single::conversation_1393970_340.csv::s1,astro_other,2026-04-04 02:54:17.013
Human_Single::conversation_1393970_340.csv::s1,astro_other,2026-04-04 02:54:33.014
Human_Single::conversation_1393970_340.csv::s1,user_emotional_disclosure,2026-04-04 02:54:48.015
Human_Single::conversation_1393970_340.csv::s1,astro_callback_within,2026-04-04 02:55:48.016
Human_Single::conversation_1393970_340.csv::s1,astro_other,2026-04-04 02:56:10.017
Human_Single::conversation_1393970_340.csv::s1,astro_other,2026-04-04 02:56:23.018
Human_Single::conversation_1393970_340.csv::s1,astro_other,2026-04-04 02:56:35.019
Human_Single::conversation_1393970_340.csv::s1,astro_other,2026-04-04 02:56:44.020
Human_Single::conversation_1393970_340.csv::s1,user_neutral_factual,2026-04-04 02:58:35.021
Human_Single::conversation_1393970_340.csv::s1,user_neutral_factual,2026-04-04 02:58:58.022
Human_Single::conversation_1393970_340.csv::s1,astro_other,2026-04-04 02:59:04.023
Human_Single::conversation_1393970_340.csv::s1,astro_other,2026-04-04 02:59:11.024
Human_Single::conversation_1393970_340.csv::s1,astro_other,2026-04-04 02:59:17.025
Human_Single::conversation_1393970_340.csv::s1,user_neutral_factual,2026-04-04 02:59:26.026
Human_Single::conversation_1393970_340.csv::s1,user_neutral_factual,2026-04-04 02:59:32.027
Human_Single::conversation_1393970_340.csv::s1,astro_other,2026-04-04 02:59:33.028
Human_Single::conversation_1393970_340.csv::s1,astro_other,2026-04-04 03:00:27.029
Human_Single::conversation_1393970_340.csv::s1,astro_other,2026-04-04 03:00:34.030
Human_Single::conversation_1393970_340.csv::s1,user_neutral_factual,2026-04-04 03:00:38.031
Human_Single::conversation_1393970_340.csv::s1,astro_other,2026-04-04 03:00:52.032
Human_Single::conversation_1393970_340.csv::s1,astro_other,2026-04-04 03:01:01.033
Human_Single::conversation_1393970_340.csv::s1,user_neutral_factual,2026-04-04 03:01:14.034
Human_Single::conversation_1393970_340.csv::s1,astro_dated_prediction,2026-04-04 03:01:46.035
Human_Single::conversation_1393970_340.csv::s1,astro_callback_within,2026-04-04 03:02:28.036
Human_Single::conversation_1393970_340.csv::s1,astro_callback_within,2026-04-04 03:02:49.037
Human_Single::conversation_1393970_340.csv::s1,astro_callback_within,2026-04-04 03:03:37.038
Human_Single::conversation_1393970_340.csv::s1,astro_other,2026-04-04 03:03:42.039
Human_Single::conversation_1393970_340.csv::s1,astro_callback_within,2026-04-04 03:03:55.040
Human_Single::conversation_1393970_340.csv::s3,user_neutral,2026-04-03 13:17:03.000
Human_Single::conversation_1393970_340.csv::s4,user_neutral,2026-04-03 16:55:12.000
Human_Single::conversation_1393970_340.csv::s4,astro_other,2026-04-03 16:55:23.001
Human_Single::conversation_1393970_340.csv::s4,user_neutral,2026-04-03 16:55:24.002
Human_Single::conversation_1393970_340.csv::s4,astro_other,2026-04-03 16:55:26.003
Human_Single::conversation_1393970_340.csv::s4,user_neutral_factual,2026-04-03 16:55:34.004
Human_Single::conversation_1393970_340.csv::s4,user_emotional_disclosure,2026-04-03 16:55:49.005
Human_Single::conversation_1393970_340.csv::s4,astro_other,2026-04-03 16:55:51.006
Human_Single::conversation_1393970_340.csv::s4,astro_other,2026-04-03 16:55:55.007
Human_Single::conversation_1393970_340.csv::s4,user_neutral,2026-04-03 16:56:00.008
Human_Single::conversation_1393970_340.csv::s4,astro_other,2026-04-03 16:56:18.009
Human_Single::conversation_1393970_340.csv::s4,user_neutral_factual,2026-04-03 16:56:40.010
Human_Single::conversation_1393970_340.csv::s4,astro_callback_within,2026-04-03 16:56:57.011
Human_Single::conversation_1393970_340.csv::s4,user_emotional_disclosure,2026-04-03 16:57:13.012
Human_Single::conversation_1393970_340.csv::s4,astro_other,2026-04-03 16:57:36.013
Human_Single::conversation_1393970_340.csv::s4,user_neutral_factual,2026-04-03 16:57:50.014
Human_Single::conversation_1393970_340.csv::s4,user_neutral_factual,2026-04-03 16:57:59.015
Human_Single::conversation_1393970_340.csv::s4,user_emotional_disclosure,2026-04-03 16:58:13.016
Human_Single::conversation_1393970_340.csv::s4,astro_callback_within,2026-04-03 16:58:41.017
Human_Single::conversation_1393970_340.csv::s4,user_emotional_disclosure,2026-04-03 16:59:00.018
Human_Single::conversation_1393970_340.csv::s4,user_neutral,2026-04-03 16:59:55.019
Human_Single::conversation_1393970_340.csv::s4,astro_callback_within,2026-04-03 17:00:10.020
Human_Single::conversation_1393970_340.csv::s4,user_neutral_factual,2026-04-03 17:00:49.021
Human_Single::conversation_1393970_340.csv::s4,astro_callback_within,2026-04-03 17:01:11.022
Human_Single::conversation_1393970_340.csv::s4,astro_callback_within,2026-04-03 17:01:16.023
Human_Single::conversation_1393970_340.csv::s4,user_neutral_factual,2026-04-03 17:01:41.024
Human_Single::conversation_1393970_340.csv::s4,astro_callback_within,2026-04-03 17:02:31.025
Human_Single::conversation_1393970_340.csv::s4,user_neutral_factual,2026-04-03 17:02:51.026
Human_Single::conversation_1393970_340.csv::s4,astro_callback_within,2026-04-03 17:03:02.027
Human_Single::conversation_1393970_340.csv::s4,astro_callback_within,2026-04-03 17:03:11.028
Human_Single::conversation_1393970_340.csv::s4,user_neutral_factual,2026-04-03 17:03:46.029
Human_Single::conversation_1393970_340.csv::s4,user_neutral_factual,2026-04-03 17:03:51.030
Human_Single::conversation_1393970_340.csv::s4,astro_callback_within,2026-04-03 17:04:23.031
Human_Single::conversation_1393970_340.csv::s4,astro_callback_within,2026-04-03 17:04:25.032
Human_Single::conversation_1393970_340.csv::s4,astro_callback_within,2026-04-03 17:04:28.033
Human_Single::conversation_1393970_340.csv::s4,astro_callback_within,2026-04-03 17:04:35.034
Human_Single::conversation_1393970_340.csv::s4,astro_callback_within,2026-04-03 17:04:41.035
Human_Single::conversation_1393970_340.csv::s5,user_neutral,2026-04-04 02:50:16.000
Human_Single::conversation_1393970_340.csv::s5,astro_other,2026-04-04 02:50:20.001
Human_Single::conversation_1393970_340.csv::s5,astro_other,2026-04-04 02:50:23.002
Human_Single::conversation_1393970_340.csv::s5,user_neutral_factual,2026-04-04 02:50:43.003
Human_Single::conversation_1393970_340.csv::s5,astro_other,2026-04-04 02:51:14.004
Human_Single::conversation_1393970_340.csv::s5,astro_other,2026-04-04 02:51:20.005
Human_Single::conversation_1393970_340.csv::s5,user_neutral,2026-04-04 02:52:03.006
Human_Single::conversation_1393970_340.csv::s5,astro_callback_prior,2026-04-04 02:52:24.007
Human_Single::conversation_1393970_340.csv::s5,user_neutral_factual,2026-04-04 02:52:40.008
Human_Single::conversation_1393970_340.csv::s5,astro_other,2026-04-04 02:52:51.009
Human_Single::conversation_1393970_340.csv::s5,astro_callback_within,2026-04-04 02:52:58.010
Human_Single::conversation_1393970_340.csv::s5,astro_callback_within,2026-04-04 02:53:12.011
Human_Single::conversation_1393970_340.csv::s5,user_neutral_factual,2026-04-04 02:53:31.012
Human_Single::conversation_1393970_340.csv::s5,astro_other,2026-04-04 02:54:17.013
Human_Single::conversation_1393970_340.csv::s5,astro_other,2026-04-04 02:54:33.014
Human_Single::conversation_1393970_340.csv::s5,user_disengaging,2026-04-04 02:54:48.015
Human_Single::conversation_1393970_340.csv::s5,astro_callback_prior,2026-04-04 02:55:48.016
Human_Single::conversation_1393970_340.csv::s5,astro_other,2026-04-04 02:56:10.017
Human_Single::conversation_1393970_340.csv::s5,astro_other,2026-04-04 02:56:23.018
Human_Single::conversation_1393970_340.csv::s5,astro_other,2026-04-04 02:56:35.019
Human_Single::conversation_1393970_340.csv::s5,astro_other,2026-04-04 02:56:44.020
Human_Single::conversation_1393970_340.csv::s5,user_neutral_factual,2026-04-04 02:58:35.021
Human_Single::conversation_1393970_340.csv::s5,user_neutral_factual,2026-04-04 02:58:58.022
Human_Single::conversation_1393970_340.csv::s5,astro_other,2026-04-04 02:59:04.023
Human_Single::conversation_1393970_340.csv::s5,astro_other,2026-04-04 02:59:11.024
Human_Single::conversation_1393970_340.csv::s5,astro_other,2026-04-04 02:59:17.025
Human_Single::conversation_1393970_340.csv::s5,user_neutral_factual,2026-04-04 02:59:26.026
Human_Single::conversation_1393970_340.csv::s5,user_neutral_factual,2026-04-04 02:59:32.027
Human_Single::conversation_1393970_340.csv::s5,astro_other,2026-04-04 02:59:33.028
Human_Single::conversation_1393970_340.csv::s5,astro_other,2026-04-04 03:00:27.029
Human_Single::conversation_1393970_340.csv::s5,astro_other,2026-04-04 03:00:34.030
Human_Single::conversation_1393970_340.csv::s5,user_neutral_factual,2026-04-04 03:00:38.031
Human_Single::conversation_1393970_340.csv::s5,astro_other,2026-04-04 03:00:52.032
Human_Single::conversation_1393970_340.csv::s5,astro_other,2026-04-04 03:01:01.033
Human_Single::conversation_1393970_340.csv::s5,user_neutral_factual,2026-04-04 03:01:14.034
Human_Single::conversation_1393970_340.csv::s5,astro_dated_prediction,2026-04-04 03:01:46.035
Human_Single::conversation_1393970_340.csv::s5,astro_callback_within,2026-04-04 03:02:28.036
Human_Single::conversation_1393970_340.csv::s5,astro_callback_within,2026-04-04 03:02:49.037
Human_Single::conversation_1393970_340.csv::s5,astro_callback_within,2026-04-04 03:03:37.038
Human_Single::conversation_1393970_340.csv::s5,astro_callback_within,2026-04-04 03:03:42.039
Human_Single::conversation_1393970_340.csv::s5,astro_callback_within,2026-04-04 03:03:55.040
Human_Single::conversation_1444546_752.csv::s1,user_neutral,2026-04-11 17:23:37.000
Human_Single::conversation_1489500_2569.csv::s1,user_neutral,2026-04-12 18:58:02.000
Human_Single::conversation_1496235_2530.csv::s1,user_neutral,2026-04-17 07:51:34.000
Human_Single::conversation_1496235_2530.csv::s1,astro_other,2026-04-18 17:22:35.001
Human_Single::conversation_1496235_2530.csv::s1,astro_other,2026-04-18 17:23:07.002
Human_Single::conversation_1496235_2530.csv::s1,astro_other,2026-04-18 17:24:07.003
Human_Single::conversation_1496235_2530.csv::s1,astro_other,2026-04-18 17:24:32.004
Human_Single::conversation_1496235_2530.csv::s1,astro_other,2026-04-18 17:24:48.005
Human_Single::conversation_1496235_2530.csv::s1,astro_other,2026-04-18 17:25:52.006
Human_Single::conversation_1496235_2530.csv::s1,astro_other,2026-04-18 17:26:47.007
Human_Single::conversation_1496235_2530.csv::s1,astro_other,2026-04-18 17:27:01.008
Human_Single::conversation_1496235_2530.csv::s1,astro_other,2026-04-18 17:27:44.009
Human_Single::conversation_1496235_2530.csv::s1,astro_other,2026-04-18 17:27:53.010
Human_Single::conversation_1496235_2530.csv::s1,astro_other,2026-04-18 17:28:08.011
Human_Single::conversation_1496235_2530.csv::s1,astro_reframe,2026-04-18 17:28:17.012
Human_Single::conversation_1496235_2530.csv::s1,astro_other,2026-04-18 17:28:52.013
Human_Single::conversation_1496235_2530.csv::s1,astro_reframe,2026-04-18 17:29:02.014
Human_Single::conversation_1496235_2530.csv::s1,astro_reframe,2026-04-18 17:29:10.015
Human_Single::conversation_1496235_2530.csv::s1,astro_other,2026-04-18 17:29:16.016
Human_Single::conversation_1496235_2530.csv::s1,astro_reframe,2026-04-18 17:29:29.017
Human_Single::conversation_1496235_2530.csv::s1,astro_other,2026-04-18 17:30:28.018
Human_Single::conversation_1496235_2530.csv::s1,astro_other,2026-04-18 17:30:44.019
Human_Single::conversation_1496235_2530.csv::s1,astro_reframe,2026-04-18 17:30:55.020
Human_Single::conversation_1496235_2530.csv::s1,user_disengaging,2026-04-18 17:31:52.021
Human_Single::conversation_174849_732.csv::s1,user_neutral,2026-04-01 13:58:54.000
Human_Single::conversation_244875_4.csv::s1,user_neutral,2026-03-08 16:54:01.000
Human_Single::conversation_244875_4.csv::s1,astro_other,2026-03-10 03:17:17.001
Human_Single::conversation_244875_4.csv::s1,user_neutral_factual,2026-03-10 03:17:19.002
Human_Single::conversation_244875_4.csv::s1,user_neutral_factual,2026-03-10 03:17:22.003
Human_Single::conversation_244875_4.csv::s1,user_neutral_factual,2026-03-10 03:17:45.004
Human_Single::conversation_244875_4.csv::s1,user_neutral_factual,2026-03-10 03:17:52.005
Human_Single::conversation_244875_4.csv::s1,user_neutral,2026-03-10 03:18:15.006
Human_Single::conversation_244875_4.csv::s1,astro_callback_within,2026-03-10 03:18:36.007
Human_Single::conversation_244875_4.csv::s1,astro_callback_within,2026-03-10 03:18:40.008
Human_Single::conversation_244875_4.csv::s1,astro_callback_within,2026-03-10 03:18:48.009
Human_Single::conversation_244875_4.csv::s1,astro_callback_within,2026-03-10 03:18:54.010
Human_Single::conversation_244875_4.csv::s1,astro_callback_within,2026-03-10 03:19:13.011
Human_Single::conversation_244875_4.csv::s1,user_neutral,2026-03-10 03:20:12.012
Human_Single::conversation_244875_4.csv::s1,astro_callback_within,2026-03-10 03:20:24.013
Human_Single::conversation_244875_4.csv::s1,user_neutral,2026-03-10 03:20:41.014
Human_Single::conversation_244875_4.csv::s1,user_neutral_factual,2026-03-10 03:20:46.015
Human_Single::conversation_244875_4.csv::s1,user_neutral_factual,2026-03-10 03:20:49.016
Human_Single::conversation_244875_4.csv::s1,user_emotional_disclosure,2026-03-10 03:21:02.017
Human_Single::conversation_244875_4.csv::s1,astro_callback_within,2026-03-10 03:21:09.018
Human_Single::conversation_244875_4.csv::s1,user_enthusiastic,2026-03-10 03:21:10.019
Human_Single::conversation_244875_4.csv::s1,astro_other,2026-03-10 03:21:16.020
Human_Single::conversation_244875_4.csv::s1,user_neutral_factual,2026-03-10 03:21:16.021
Human_Single::conversation_244875_4.csv::s1,user_neutral_factual,2026-03-10 03:21:21.022
Human_Single::conversation_244875_4.csv::s1,user_neutral_factual,2026-03-10 03:21:45.023
Human_Single::conversation_244875_4.csv::s1,astro_open_thread,2026-03-10 03:21:59.024
Human_Single::conversation_244875_4.csv::s1,user_neutral_factual,2026-03-10 03:22:17.025
Human_Single::conversation_244875_4.csv::s1,user_neutral_factual,2026-03-10 03:22:42.026
Human_Single::conversation_244875_4.csv::s1,astro_other,2026-03-10 03:22:54.027
Human_Single::conversation_244875_4.csv::s1,astro_other,2026-03-10 03:22:59.028
Human_Single::conversation_244875_4.csv::s1,user_neutral_factual,2026-03-10 03:23:03.029
Human_Single::conversation_244875_4.csv::s1,astro_other,2026-03-10 03:23:04.030
Human_Single::conversation_244875_4.csv::s1,user_neutral_factual,2026-03-10 03:23:16.031
Human_Single::conversation_244875_4.csv::s1,user_neutral_factual,2026-03-10 03:23:45.032
Human_Single::conversation_244875_4.csv::s1,astro_other,2026-03-10 03:24:19.033
Human_Single::conversation_244875_4.csv::s1,astro_other,2026-03-10 03:24:25.034
Human_Single::conversation_244875_4.csv::s1,astro_other,2026-03-10 03:24:32.035
Human_Single::conversation_244875_4.csv::s1,user_neutral_factual,2026-03-10 03:24:33.036
Human_Single::conversation_244875_4.csv::s1,astro_other,2026-03-10 03:24:37.037
Human_Single::conversation_244875_4.csv::s1,user_neutral_factual,2026-03-10 03:24:38.038
Human_Single::conversation_244875_4.csv::s1,user_neutral_factual,2026-03-10 03:24:56.039
Human_Single::conversation_244875_4.csv::s1,user_neutral_factual,2026-03-10 03:25:09.040
Human_Single::conversation_244875_4.csv::s1,user_disengaging,2026-03-10 03:25:20.041
Human_Single::conversation_438355_752.csv::s1,user_neutral,2025-11-08 06:35:31.000
Human_Single::conversation_484081_723.csv::s1,user_neutral,2025-11-17 14:11:40.000
Human_Single::conversation_656390_1004.csv::s1,user_neutral,2026-02-19 17:25:59.000
Human_Single::conversation_656390_1004.csv::s3,user_neutral,2026-02-17 18:44:17.000
Human_Single::conversation_656390_1004.csv::s4,user_neutral,2026-02-18 16:48:47.000
Human_Single::conversation_656390_1004.csv::s5,user_neutral,2026-02-19 05:43:36.000
Human_Single::conversation_656390_1004.csv::s5,user_neutral_factual,2026-02-19 05:43:44.001
Human_Single::conversation_656390_1004.csv::s5,astro_other,2026-02-19 05:43:55.002
Human_Single::conversation_656390_1004.csv::s5,user_neutral,2026-02-19 05:43:57.003
Human_Single::conversation_656390_1004.csv::s5,astro_other,2026-02-19 05:43:58.004
Human_Single::conversation_656390_1004.csv::s5,astro_other,2026-02-19 05:44:01.005
Human_Single::conversation_656390_1004.csv::s5,user_emotional_disclosure,2026-02-19 05:44:08.006
Human_Single::conversation_656390_1004.csv::s5,astro_other,2026-02-19 05:44:21.007
Human_Single::conversation_656390_1004.csv::s5,user_neutral,2026-02-19 05:44:23.008
Human_Single::conversation_656390_1004.csv::s5,user_neutral_factual,2026-02-19 05:44:28.009
Human_Single::conversation_656390_1004.csv::s5,user_emotional_disclosure,2026-02-19 05:44:43.010
Human_Single::conversation_656390_1004.csv::s5,user_disengaging,2026-02-19 05:44:59.011
Human_Single::conversation_656390_1004.csv::s5,user_neutral,2026-02-19 05:45:05.012
Human_Single::conversation_656390_1004.csv::s5,user_emotional_disclosure,2026-02-19 05:45:14.013
Human_Single::conversation_656390_1004.csv::s5,astro_callback_within,2026-02-19 05:45:17.014
Human_Single::conversation_656390_1004.csv::s5,user_neutral_factual,2026-02-19 05:45:18.015
Human_Single::conversation_656390_1004.csv::s5,user_neutral_factual,2026-02-19 05:45:21.016
Human_Single::conversation_656390_1004.csv::s5,astro_callback_within,2026-02-19 05:45:30.017
Human_Single::conversation_656390_1004.csv::s5,user_emotional_disclosure,2026-02-19 05:45:31.018
Human_Single::conversation_656390_1004.csv::s5,user_neutral,2026-02-19 05:45:46.019
Human_Single::conversation_656390_1004.csv::s5,astro_callback_within,2026-02-19 05:45:50.020
Human_Single::conversation_656390_1004.csv::s5,user_neutral,2026-02-19 05:45:52.021
Human_Single::conversation_656390_1004.csv::s5,astro_callback_within,2026-02-19 05:45:56.022
Human_Single::conversation_656390_1004.csv::s5,astro_other,2026-02-19 05:46:07.023
Human_Single::conversation_656390_1004.csv::s5,astro_callback_within,2026-02-19 05:46:21.024
Human_Single::conversation_656390_1004.csv::s5,astro_callback_within,2026-02-19 05:46:36.025
Human_Single::conversation_656390_1004.csv::s5,astro_callback_within,2026-02-19 05:46:46.026
Human_Single::conversation_656390_1004.csv::s5,astro_callback_within,2026-02-19 05:46:55.027
Human_Single::conversation_656390_1004.csv::s5,astro_open_thread,2026-02-19 05:46:59.028
Human_Single::conversation_656390_1004.csv::s5,astro_other,2026-02-19 05:47:06.029
Human_Single::conversation_656390_1004.csv::s5,astro_callback_within,2026-02-19 05:47:11.030
Human_Single::conversation_656390_1004.csv::s5,astro_other,2026-02-19 05:47:12.031
Human_Single::conversation_656390_1004.csv::s5,user_emotional_disclosure,2026-02-19 05:47:15.032
Human_Single::conversation_656390_1004.csv::s5,astro_callback_within,2026-02-19 05:47:21.033
Human_Single::conversation_656390_1004.csv::s5,astro_callback_within,2026-02-19 05:47:25.034
Human_Single::conversation_656390_1004.csv::s5,astro_callback_within,2026-02-19 05:47:33.035
Human_Single::conversation_656390_1004.csv::s5,user_emotional_disclosure,2026-02-19 05:47:35.036
Human_Single::conversation_656390_1004.csv::s5,astro_other,2026-02-19 05:47:38.037
Human_Single::conversation_656390_1004.csv::s5,astro_callback_within,2026-02-19 05:47:45.038
Human_Single::conversation_656390_1004.csv::s5,user_emotional_disclosure,2026-02-19 05:47:50.039
Human_Single::conversation_656390_1004.csv::s5,astro_callback_within,2026-02-19 05:47:54.040
Human_Single::conversation_656390_1004.csv::s5,user_neutral,2026-02-19 05:47:56.041
Human_Single::conversation_656390_1004.csv::s5,user_neutral,2026-02-19 05:48:00.042
Human_Single::conversation_656390_1004.csv::s5,astro_callback_within,2026-02-19 05:48:00.043
Human_Single::conversation_656390_1004.csv::s5,user_pushback,2026-02-19 05:48:09.044
Human_Single::conversation_656390_1004.csv::s5,astro_dated_prediction,2026-02-19 05:48:10.045
Human_Single::conversation_656390_1004.csv::s5,astro_callback_within,2026-02-19 05:48:16.046
Human_Single::conversation_656390_1004.csv::s5,astro_callback_within,2026-02-19 05:48:23.047
Human_Single::conversation_656390_1004.csv::s5,user_emotional_disclosure,2026-02-19 05:48:30.048
Human_Single::conversation_656390_1004.csv::s5,astro_other,2026-02-19 05:48:33.049
Human_Single::conversation_656390_1004.csv::s5,astro_other,2026-02-19 05:48:36.050
Human_Single::conversation_656390_1004.csv::s5,user_neutral,2026-02-19 05:48:47.051
Human_Single::conversation_656390_1004.csv::s5,astro_callback_within,2026-02-19 05:48:48.052
Human_Single::conversation_656390_1004.csv::s5,user_neutral,2026-02-19 05:48:53.053
Human_Single::conversation_656390_1004.csv::s5,astro_callback_within,2026-02-19 05:48:57.054
Human_Single::conversation_656390_1004.csv::s5,user_neutral_factual,2026-02-19 05:49:01.055
Human_Single::conversation_656390_1004.csv::s5,astro_other,2026-02-19 05:49:02.056
Human_Single::conversation_656390_1004.csv::s5,user_disengaging,2026-02-19 05:49:02.057
Human_Single::conversation_656390_1004.csv::s5,astro_other,2026-02-19 05:49:08.058
Human_Single::conversation_656390_1004.csv::s5,astro_callback_within,2026-02-19 05:49:11.059
Human_Single::conversation_656390_1004.csv::s5,astro_callback_within,2026-02-19 05:49:19.060
Human_Single::conversation_656390_1004.csv::s5,astro_callback_within,2026-02-19 05:49:23.061
Human_Single::conversation_656390_1004.csv::s5,astro_callback_within,2026-02-19 05:49:26.062
Human_Single::conversation_656390_1004.csv::s5,user_emotional_disclosure,2026-02-19 05:49:30.063
Human_Single::conversation_656390_1004.csv::s5,astro_other,2026-02-19 05:49:35.064
Human_Single::conversation_656390_1004.csv::s6,user_neutral,2026-02-19 17:25:59.000
Human_Single::conversation_656390_1004.csv::s7,user_neutral,2026-02-23 11:39:10.000
Human_Single::conversation_656390_1004.csv::s8,user_neutral,2026-02-23 11:45:08.000
Human_Single::conversation_656390_1004.csv::s9,user_neutral,2026-02-23 12:42:09.000
Human_Single::conversation_695474_168.csv::s1,user_neutral,2026-01-03 09:21:46.000
Human_Single::conversation_711508_1960.csv::s1,user_neutral,2025-12-31 08:01:32.000
Human_Single::conversation_722590_2387.csv::s1,user_neutral,2026-03-22 10:12:13.000
Human_Single::conversation_722590_2387.csv::s1,astro_dated_prediction,2026-03-22 10:20:46.001
Human_Single::conversation_742410_1961.csv::s1,astro_other,2025-12-28 10:15:01.000
Human_Single::conversation_742410_1961.csv::s1,user_neutral_factual,2025-12-28 10:15:13.001
Human_Single::conversation_742410_1961.csv::s1,user_neutral_factual,2025-12-28 10:15:24.002
Human_Single::conversation_742410_1961.csv::s1,astro_other,2025-12-28 10:15:27.003
Human_Single::conversation_742410_1961.csv::s1,user_neutral_factual,2025-12-28 10:15:32.004
Human_Single::conversation_742410_1961.csv::s1,astro_callback_within,2025-12-28 10:15:40.005
Human_Single::conversation_742410_1961.csv::s1,user_neutral_factual,2025-12-28 10:15:46.006
Human_Single::conversation_742410_1961.csv::s1,user_neutral_factual,2025-12-28 10:15:49.007
Human_Single::conversation_742410_1961.csv::s1,user_neutral_factual,2025-12-28 10:16:10.008
Human_Single::conversation_742410_1961.csv::s1,astro_callback_within,2025-12-28 10:16:14.009
Human_Single::conversation_742410_1961.csv::s1,user_neutral_factual,2025-12-28 10:16:20.010
Human_Single::conversation_742410_1961.csv::s1,user_neutral_factual,2025-12-28 10:16:33.011
Human_Single::conversation_742410_1961.csv::s1,astro_other,2025-12-28 10:16:40.012
Human_Single::conversation_742410_1961.csv::s1,user_neutral_factual,2025-12-28 10:16:45.013
Human_Single::conversation_742410_1961.csv::s1,astro_callback_within,2025-12-28 10:16:49.014
Human_Single::conversation_742410_1961.csv::s1,user_neutral_factual,2025-12-28 10:17:00.015
Human_Single::conversation_742410_1961.csv::s1,user_neutral_factual,2025-12-28 10:17:22.016
Human_Single::conversation_742410_1961.csv::s1,astro_callback_within,2025-12-28 10:17:29.017
Human_Single::conversation_742410_1961.csv::s1,user_neutral_factual,2025-12-28 10:17:30.018
Human_Single::conversation_742410_1961.csv::s1,user_neutral_factual,2025-12-28 10:17:37.019
Human_Single::conversation_742410_1961.csv::s1,user_neutral_factual,2025-12-28 10:17:42.020
Human_Single::conversation_742410_1961.csv::s1,astro_callback_within,2025-12-28 10:17:50.021
Human_Single::conversation_742410_1961.csv::s1,user_neutral_factual,2025-12-28 10:17:52.022
Human_Single::conversation_742410_1961.csv::s1,user_neutral_factual,2025-12-28 10:18:28.023
Human_Single::conversation_742410_1961.csv::s1,user_neutral_factual,2025-12-28 10:18:35.024
Human_Single::conversation_742410_1961.csv::s1,astro_other,2025-12-28 10:18:36.025
Human_Single::conversation_742410_1961.csv::s1,astro_callback_within,2025-12-28 10:18:41.026
Human_Single::conversation_742410_1961.csv::s1,user_neutral_factual,2025-12-28 10:18:41.027
Human_Single::conversation_742410_1961.csv::s1,user_neutral_factual,2025-12-28 10:18:46.028
Human_Single::conversation_742410_1961.csv::s1,user_neutral_factual,2025-12-28 10:18:53.029
Human_Single::conversation_742410_1961.csv::s1,user_neutral_factual,2025-12-28 10:19:01.030
Human_Single::conversation_742410_1961.csv::s1,astro_callback_within,2025-12-28 10:19:07.031
Human_Single::conversation_742410_1961.csv::s1,astro_callback_within,2025-12-28 10:19:09.032
Human_Single::conversation_742410_1961.csv::s1,user_neutral_factual,2025-12-28 10:19:17.033
Human_Single::conversation_742410_1961.csv::s1,astro_other,2025-12-28 10:19:18.034
Human_Single::conversation_742410_1961.csv::s1,user_neutral_factual,2025-12-28 10:19:23.035
Human_Single::conversation_742410_1961.csv::s1,astro_callback_within,2025-12-28 10:19:29.036
Human_Single::conversation_742410_1961.csv::s1,user_neutral_factual,2025-12-28 10:19:35.037
Human_Single::conversation_742410_1961.csv::s1,astro_callback_within,2025-12-28 10:19:40.038
Human_Single::conversation_742410_1961.csv::s1,user_neutral_factual,2025-12-28 10:19:46.039
Human_Single::conversation_742410_1961.csv::s1,user_neutral_factual,2025-12-28 10:19:59.040
Human_Single::conversation_742410_1961.csv::s1,astro_callback_within,2025-12-28 10:20:04.041
Human_Single::conversation_742410_1961.csv::s1,user_neutral_factual,2025-12-28 10:20:10.042
Human_Single::conversation_742410_1961.csv::s1,user_neutral_factual,2025-12-28 10:20:20.043
Human_Single::conversation_807936_1947.csv::s1,user_neutral,2026-03-02 18:10:58.000
Human_Single::conversation_807936_1947.csv::s1,astro_other,2026-03-02 18:11:11.001
Human_Single::conversation_807936_1947.csv::s1,user_neutral_factual,2026-03-02 18:11:21.002
Human_Single::conversation_807936_1947.csv::s1,astro_callback_within,2026-03-02 18:11:42.003
Human_Single::conversation_807936_1947.csv::s1,user_emotional_disclosure,2026-03-02 18:11:58.004
Human_Single::conversation_807936_1947.csv::s1,user_emotional_disclosure,2026-03-02 18:12:09.005
Human_Single::conversation_807936_1947.csv::s1,astro_callback_within,2026-03-02 18:12:19.006
Human_Single::conversation_807936_1947.csv::s1,astro_callback_within,2026-03-02 18:12:22.007
Human_Single::conversation_807936_1947.csv::s1,user_neutral_factual,2026-03-02 18:12:27.008
Human_Single::conversation_807936_1947.csv::s1,user_neutral_factual,2026-03-02 18:12:39.009
Human_Single::conversation_807936_1947.csv::s1,astro_other,2026-03-02 18:12:51.010
Human_Single::conversation_807936_1947.csv::s1,astro_other,2026-03-02 18:12:54.011
Human_Single::conversation_807936_1947.csv::s1,astro_callback_within,2026-03-02 18:13:25.012
Human_Single::conversation_807936_1947.csv::s1,user_neutral_factual,2026-03-02 18:13:35.013
Human_Single::conversation_807936_1947.csv::s1,astro_callback_within,2026-03-02 18:13:50.014
Human_Single::conversation_807936_1947.csv::s1,user_emotional_disclosure,2026-03-02 18:14:02.015
Human_Single::conversation_807936_1947.csv::s1,astro_callback_within,2026-03-02 18:14:14.016
Human_Single::conversation_807936_1947.csv::s1,user_neutral_factual,2026-03-02 18:14:21.017
Human_Single::conversation_807936_1947.csv::s1,user_emotional_disclosure,2026-03-02 18:14:44.018
Human_Single::conversation_807936_1947.csv::s1,astro_callback_within,2026-03-02 18:14:50.019
Human_Single::conversation_807936_1947.csv::s1,user_neutral_factual,2026-03-02 18:15:08.020
Human_Single::conversation_807936_1947.csv::s1,astro_callback_within,2026-03-02 18:15:22.021
Human_Single::conversation_807936_1947.csv::s1,user_emotional_disclosure,2026-03-02 18:15:31.022
Human_Single::conversation_807936_1947.csv::s1,astro_callback_within,2026-03-02 18:16:05.023
Human_Single::conversation_807936_1947.csv::s1,astro_other,2026-03-02 18:16:28.024
Human_Single::conversation_807936_1947.csv::s1,user_pushback,2026-03-02 18:16:36.025
Human_Single::conversation_807936_1947.csv::s1,user_pushback,2026-03-02 18:16:48.026
Human_Single::conversation_807936_1947.csv::s1,astro_callback_within,2026-03-02 18:16:54.027
Human_Single::conversation_807936_1947.csv::s1,astro_callback_within,2026-03-02 18:17:17.028
Human_Single::conversation_807936_1947.csv::s1,astro_callback_within,2026-03-02 18:17:27.029
Human_Single::conversation_807936_1947.csv::s1,user_neutral_factual,2026-03-02 18:17:27.030
Human_Single::conversation_807936_1947.csv::s1,user_neutral_factual,2026-03-02 18:17:33.031
Human_Single::conversation_807936_1947.csv::s1,user_neutral_factual,2026-03-02 18:17:51.032
Human_Single::conversation_807936_1947.csv::s1,astro_callback_within,2026-03-02 18:18:00.033
Human_Single::conversation_807936_1947.csv::s1,astro_callback_within,2026-03-02 18:18:09.034
Human_Single::conversation_807936_1947.csv::s1,user_neutral_factual,2026-03-02 18:18:16.035
Human_Single::conversation_807936_1947.csv::s1,user_neutral_factual,2026-03-02 18:18:49.036
Human_Single::conversation_807936_1947.csv::s1,astro_other,2026-03-02 18:18:58.037
Human_Single::conversation_807936_1947.csv::s1,astro_callback_within,2026-03-02 18:19:48.038
Human_Single::conversation_807936_1947.csv::s1,astro_other,2026-03-02 18:19:51.039
Human_Single::conversation_807936_1947.csv::s1,user_neutral_factual,2026-03-02 18:20:09.040
Human_Single::conversation_807936_1947.csv::s1,astro_callback_within,2026-03-02 18:20:36.041
Human_Single::conversation_807936_1947.csv::s1,user_neutral_factual,2026-03-02 18:20:50.042
Human_Single::conversation_807936_1947.csv::s1,astro_callback_within,2026-03-02 18:20:51.043
Human_Single::conversation_807936_1947.csv::s1,user_emotional_disclosure,2026-03-02 18:21:14.044
Human_Single::conversation_807936_1947.csv::s1,astro_callback_within,2026-03-02 18:21:33.045
Human_Single::conversation_807936_1947.csv::s1,user_neutral_factual,2026-03-02 18:21:40.046
Human_Single::conversation_807936_1947.csv::s1,user_neutral_factual,2026-03-02 18:21:52.047
Human_Single::conversation_807936_1947.csv::s1,astro_callback_within,2026-03-02 18:22:10.048
Human_Single::conversation_807936_1947.csv::s1,user_neutral_factual,2026-03-02 18:22:54.049
Human_Single::conversation_807936_1947.csv::s1,astro_other,2026-03-02 18:23:35.050
Human_Single::conversation_807936_1947.csv::s1,astro_callback_within,2026-03-02 18:24:17.051
Human_Single::conversation_807936_1947.csv::s1,user_neutral_factual,2026-03-02 18:24:40.052
Human_Single::conversation_807936_1947.csv::s1,astro_callback_within,2026-03-02 18:24:42.053
Human_Single::conversation_807936_1947.csv::s1,astro_callback_within,2026-03-02 18:24:51.054
Human_Single::conversation_807936_1947.csv::s1,user_neutral_factual,2026-03-02 18:25:08.055
Human_Single::conversation_807936_1947.csv::s1,astro_callback_within,2026-03-02 18:25:35.056
Human_Single::conversation_807936_1947.csv::s1,user_neutral_factual,2026-03-02 18:25:46.057
Human_Single::conversation_807936_1947.csv::s1,user_neutral_factual,2026-03-02 18:25:57.058
Human_Single::conversation_807936_1947.csv::s1,astro_callback_within,2026-03-02 18:26:34.059
Human_Single::conversation_807936_1947.csv::s1,user_neutral_factual,2026-03-02 18:26:51.060
Human_Single::conversation_807936_1947.csv::s1,astro_callback_within,2026-03-02 18:26:54.061
Human_Single::conversation_807936_1947.csv::s1,user_neutral_factual,2026-03-02 18:27:00.062
Human_Single::conversation_807936_1947.csv::s1,astro_callback_within,2026-03-02 18:27:01.063
Human_Single::conversation_807936_1947.csv::s1,astro_callback_within,2026-03-02 18:27:25.064
Human_Single::conversation_807936_1947.csv::s1,astro_callback_within,2026-03-02 18:27:28.065
Human_Single::conversation_807936_1947.csv::s1,user_neutral_factual,2026-03-02 18:27:34.066
Human_Single::conversation_807936_1947.csv::s1,user_emotional_disclosure,2026-03-02 18:27:40.067
Human_Single::conversation_807936_1947.csv::s1,astro_callback_within,2026-03-02 18:27:42.068
Human_Single::conversation_807936_1947.csv::s1,user_neutral_factual,2026-03-02 18:27:49.069
Human_Single::conversation_807936_1947.csv::s1,astro_callback_within,2026-03-02 18:27:54.070
Human_Single::conversation_807936_1947.csv::s1,user_neutral_factual,2026-03-02 18:28:00.071
Human_Single::conversation_807936_1947.csv::s1,astro_callback_within,2026-03-02 18:28:11.072
Human_Single::conversation_807936_1947.csv::s1,astro_other,2026-03-02 18:28:13.073
Human_Single::conversation_807936_1947.csv::s1,astro_callback_within,2026-03-02 18:28:54.074
Human_Single::conversation_807936_1947.csv::s1,astro_callback_within,2026-03-02 18:28:56.075
Human_Single::conversation_807936_1947.csv::s4,user_neutral,2026-03-02 18:02:03.000
Human_Single::conversation_807936_1947.csv::s4,astro_other,2026-03-02 18:02:17.001
Human_Single::conversation_807936_1947.csv::s4,astro_other,2026-03-02 18:02:21.002
Human_Single::conversation_807936_1947.csv::s4,user_neutral_factual,2026-03-02 18:02:26.003
Human_Single::conversation_807936_1947.csv::s4,user_neutral,2026-03-02 18:02:52.004
Human_Single::conversation_807936_1947.csv::s4,astro_other,2026-03-02 18:03:09.005
Human_Single::conversation_807936_1947.csv::s4,user_emotional_disclosure,2026-03-02 18:03:22.006
Human_Single::conversation_807936_1947.csv::s4,user_emotional_disclosure,2026-03-02 18:03:31.007
Human_Single::conversation_807936_1947.csv::s5,user_neutral,2026-03-02 18:10:58.000
Human_Single::conversation_807936_1947.csv::s5,astro_other,2026-03-02 18:11:11.001
Human_Single::conversation_807936_1947.csv::s5,user_neutral,2026-03-02 18:11:21.002
Human_Single::conversation_807936_1947.csv::s5,astro_other,2026-03-02 18:11:42.003
Human_Single::conversation_807936_1947.csv::s5,user_emotional_disclosure,2026-03-02 18:11:58.004
Human_Single::conversation_807936_1947.csv::s5,user_emotional_disclosure,2026-03-02 18:12:09.005
Human_Single::conversation_807936_1947.csv::s5,astro_other,2026-03-02 18:12:19.006
Human_Single::conversation_807936_1947.csv::s5,astro_other,2026-03-02 18:12:22.007
Human_Single::conversation_807936_1947.csv::s5,user_neutral_factual,2026-03-02 18:12:27.008
Human_Single::conversation_807936_1947.csv::s5,user_neutral_factual,2026-03-02 18:12:39.009
Human_Single::conversation_807936_1947.csv::s5,astro_other,2026-03-02 18:12:51.010
Human_Single::conversation_807936_1947.csv::s5,astro_other,2026-03-02 18:12:54.011
Human_Single::conversation_807936_1947.csv::s5,astro_other,2026-03-02 18:13:25.012
Human_Single::conversation_807936_1947.csv::s5,user_neutral_factual,2026-03-02 18:13:35.013
Human_Single::conversation_807936_1947.csv::s5,astro_other,2026-03-02 18:13:50.014
Human_Single::conversation_807936_1947.csv::s5,user_emotional_disclosure,2026-03-02 18:14:02.015
Human_Single::conversation_807936_1947.csv::s5,astro_other,2026-03-02 18:14:14.016
Human_Single::conversation_807936_1947.csv::s5,user_neutral_factual,2026-03-02 18:14:21.017
Human_Single::conversation_807936_1947.csv::s5,user_emotional_disclosure,2026-03-02 18:14:44.018
Human_Single::conversation_807936_1947.csv::s5,astro_other,2026-03-02 18:14:50.019
Human_Single::conversation_807936_1947.csv::s5,user_enthusiastic,2026-03-02 18:15:08.020
Human_Single::conversation_807936_1947.csv::s5,astro_callback_within,2026-03-02 18:15:22.021
Human_Single::conversation_807936_1947.csv::s5,user_emotional_disclosure,2026-03-02 18:15:31.022
Human_Single::conversation_807936_1947.csv::s5,astro_callback_within,2026-03-02 18:16:05.023
Human_Single::conversation_807936_1947.csv::s5,astro_other,2026-03-02 18:16:28.024
Human_Single::conversation_807936_1947.csv::s5,user_pushback,2026-03-02 18:16:36.025
Human_Single::conversation_807936_1947.csv::s5,user_pushback,2026-03-02 18:16:48.026
Human_Single::conversation_807936_1947.csv::s5,astro_callback_within,2026-03-02 18:16:54.027
Human_Single::conversation_807936_1947.csv::s5,astro_other,2026-03-02 18:17:17.028
Human_Single::conversation_807936_1947.csv::s5,astro_callback_within,2026-03-02 18:17:27.029
Human_Single::conversation_807936_1947.csv::s5,user_neutral_factual,2026-03-02 18:17:27.030
Human_Single::conversation_807936_1947.csv::s5,user_neutral_factual,2026-03-02 18:17:33.031
Human_Single::conversation_807936_1947.csv::s5,user_neutral,2026-03-02 18:17:51.032
Human_Single::conversation_807936_1947.csv::s5,astro_callback_within,2026-03-02 18:18:00.033
Human_Single::conversation_807936_1947.csv::s5,astro_callback_within,2026-03-02 18:18:09.034
Human_Single::conversation_807936_1947.csv::s5,user_neutral_factual,2026-03-02 18:18:16.035
Human_Single::conversation_807936_1947.csv::s5,user_neutral,2026-03-02 18:18:49.036
Human_Single::conversation_807936_1947.csv::s5,astro_other,2026-03-02 18:18:58.037
Human_Single::conversation_807936_1947.csv::s5,astro_callback_within,2026-03-02 18:19:48.038
Human_Single::conversation_807936_1947.csv::s5,astro_other,2026-03-02 18:19:51.039
Human_Single::conversation_807936_1947.csv::s5,user_neutral,2026-03-02 18:20:09.040
Human_Single::conversation_807936_1947.csv::s5,astro_callback_within,2026-03-02 18:20:36.041
Human_Single::conversation_807936_1947.csv::s5,user_neutral,2026-03-02 18:20:50.042
Human_Single::conversation_807936_1947.csv::s5,astro_callback_within,2026-03-02 18:20:51.043
Human_Single::conversation_807936_1947.csv::s5,user_emotional_disclosure,2026-03-02 18:21:14.044
Human_Single::conversation_807936_1947.csv::s5,astro_other,2026-03-02 18:21:33.045
Human_Single::conversation_807936_1947.csv::s5,user_neutral,2026-03-02 18:21:40.046
Human_Single::conversation_807936_1947.csv::s5,user_neutral,2026-03-02 18:21:52.047
Human_Single::conversation_807936_1947.csv::s5,astro_callback_within,2026-03-02 18:22:10.048
Human_Single::conversation_807936_1947.csv::s5,user_neutral,2026-03-02 18:22:54.049
Human_Single::conversation_807936_1947.csv::s5,astro_other,2026-03-02 18:23:35.050
Human_Single::conversation_807936_1947.csv::s5,astro_callback_within,2026-03-02 18:24:17.051
Human_Single::conversation_807936_1947.csv::s5,user_neutral_factual,2026-03-02 18:24:40.052
Human_Single::conversation_807936_1947.csv::s5,astro_callback_within,2026-03-02 18:24:42.053
Human_Single::conversation_807936_1947.csv::s5,astro_callback_within,2026-03-02 18:24:51.054
Human_Single::conversation_807936_1947.csv::s5,user_neutral_factual,2026-03-02 18:25:08.055
Human_Single::conversation_807936_1947.csv::s5,astro_callback_within,2026-03-02 18:25:35.056
Human_Single::conversation_807936_1947.csv::s5,user_neutral_factual,2026-03-02 18:25:46.057
Human_Single::conversation_807936_1947.csv::s5,user_neutral,2026-03-02 18:25:57.058
Human_Single::conversation_807936_1947.csv::s5,astro_callback_within,2026-03-02 18:26:34.059
Human_Single::conversation_807936_1947.csv::s5,user_neutral_factual,2026-03-02 18:26:51.060
Human_Single::conversation_807936_1947.csv::s5,astro_other,2026-03-02 18:26:54.061
Human_Single::conversation_807936_1947.csv::s5,user_neutral,2026-03-02 18:27:00.062
Human_Single::conversation_807936_1947.csv::s5,astro_callback_within,2026-03-02 18:27:01.063
Human_Single::conversation_807936_1947.csv::s5,astro_callback_within,2026-03-02 18:27:25.064
Human_Single::conversation_807936_1947.csv::s5,astro_other,2026-03-02 18:27:28.065
Human_Single::conversation_807936_1947.csv::s5,user_neutral_factual,2026-03-02 18:27:34.066
Human_Single::conversation_807936_1947.csv::s5,user_emotional_disclosure,2026-03-02 18:27:40.067
Human_Single::conversation_807936_1947.csv::s5,astro_callback_within,2026-03-02 18:27:42.068
Human_Single::conversation_807936_1947.csv::s5,user_neutral,2026-03-02 18:27:49.069
Human_Single::conversation_807936_1947.csv::s5,astro_callback_within,2026-03-02 18:27:54.070
Human_Single::conversation_807936_1947.csv::s5,user_neutral_factual,2026-03-02 18:28:00.071
Human_Single::conversation_807936_1947.csv::s5,astro_callback_within,2026-03-02 18:28:11.072
Human_Single::conversation_807936_1947.csv::s5,astro_other,2026-03-02 18:28:13.073
Human_Single::conversation_807936_1947.csv::s5,astro_other,2026-03-02 18:28:54.074
Human_Single::conversation_807936_1947.csv::s5,astro_other,2026-03-02 18:28:56.075
Human_Single::conversation_814390_2129.csv::s1,user_neutral,2026-01-06 17:30:30.000
Human_Single::conversation_821993_752.csv::s1,user_neutral,2026-01-22 13:57:41.000
Human_Single::conversation_824271_2078.csv::s1,user_neutral,2026-02-20 11:19:08.000
Human_Single::conversation_824271_2078.csv::s1,astro_other,2026-02-20 11:19:13.001
Human_Single::conversation_824271_2078.csv::s1,astro_other,2026-02-20 11:19:20.002
Human_Single::conversation_824271_2078.csv::s1,astro_other,2026-02-20 11:19:25.003
Human_Single::conversation_824271_2078.csv::s1,astro_callback_within,2026-02-20 11:19:36.004
Human_Single::conversation_824271_2078.csv::s1,user_neutral_factual,2026-02-20 11:19:57.005
Human_Single::conversation_824271_2078.csv::s1,user_pushback,2026-02-20 11:20:18.006
Human_Single::conversation_824271_2078.csv::s1,user_neutral_factual,2026-02-20 11:20:26.007
Human_Single::conversation_824271_2078.csv::s1,astro_callback_within,2026-02-20 11:20:37.008
Human_Single::conversation_824271_2078.csv::s1,astro_callback_within,2026-02-20 11:27:22.009
Human_Single::conversation_824271_2078.csv::s1,astro_dated_prediction,2026-02-20 11:28:15.010
Human_Single::conversation_824271_2078.csv::s1,astro_callback_within,2026-02-20 11:28:31.011
Human_Single::conversation_824271_2078.csv::s1,astro_callback_within,2026-02-20 11:28:57.012
Human_Single::conversation_824271_2078.csv::s1,astro_callback_within,2026-02-20 11:29:54.013
Human_Single::conversation_824271_2078.csv::s10,user_neutral,2026-02-20 11:19:08.000
Human_Single::conversation_824271_2078.csv::s10,astro_other,2026-02-20 11:19:13.001
Human_Single::conversation_824271_2078.csv::s10,astro_other,2026-02-20 11:19:20.002
Human_Single::conversation_824271_2078.csv::s10,astro_other,2026-02-20 11:19:25.003
Human_Single::conversation_824271_2078.csv::s10,astro_other,2026-02-20 11:19:36.004
Human_Single::conversation_824271_2078.csv::s10,user_neutral,2026-02-20 11:19:57.005
Human_Single::conversation_824271_2078.csv::s10,user_neutral_factual,2026-02-20 11:20:18.006
Human_Single::conversation_824271_2078.csv::s10,user_neutral,2026-02-20 11:20:26.007
Human_Single::conversation_824271_2078.csv::s10,astro_callback_within,2026-02-20 11:20:37.008
Human_Single::conversation_824271_2078.csv::s10,astro_callback_within,2026-02-20 11:27:22.009
Human_Single::conversation_824271_2078.csv::s10,astro_dated_prediction,2026-02-20 11:28:15.010
Human_Single::conversation_824271_2078.csv::s10,astro_callback_within,2026-02-20 11:28:31.011
Human_Single::conversation_824271_2078.csv::s10,astro_other,2026-02-20 11:28:57.012
Human_Single::conversation_824271_2078.csv::s10,astro_reframe,2026-02-20 11:29:54.013
Human_Single::conversation_824271_2078.csv::s3,user_neutral,2026-01-08 15:15:04.000
Human_Single::conversation_824271_2078.csv::s4,user_neutral,2026-01-08 15:15:26.000
Human_Single::conversation_824271_2078.csv::s5,user_neutral,2026-01-08 15:16:12.000
Human_Single::conversation_824271_2078.csv::s6,user_neutral,2026-01-08 15:17:13.000
Human_Single::conversation_824271_2078.csv::s7,user_neutral,2026-01-08 15:36:41.000
Human_Single::conversation_824271_2078.csv::s8,user_neutral,2026-01-08 15:37:34.000
Human_Single::conversation_824271_2078.csv::s9,user_neutral,2026-01-13 02:05:33.000
Human_Single::conversation_824271_2078.csv::s9,astro_other,2026-01-13 02:05:40.001
Human_Single::conversation_824271_2078.csv::s9,astro_other,2026-01-13 02:05:49.002
Human_Single::conversation_824271_2078.csv::s9,astro_other,2026-01-13 02:05:53.003
Human_Single::conversation_824271_2078.csv::s9,astro_other,2026-01-13 02:06:02.004
Human_Single::conversation_824271_2078.csv::s9,astro_other,2026-01-13 02:06:10.005
Human_Single::conversation_824271_2078.csv::s9,user_neutral_factual,2026-01-13 02:06:53.006
Human_Single::conversation_824271_2078.csv::s9,astro_callback_within,2026-01-13 02:07:08.007
Human_Single::conversation_824271_2078.csv::s9,astro_callback_within,2026-01-13 02:08:49.008
Human_Single::conversation_824271_2078.csv::s9,astro_reframe,2026-01-13 02:09:06.009
Human_Single::conversation_824271_2078.csv::s9,astro_reframe,2026-01-13 02:09:37.010
Human_Single::conversation_824271_2078.csv::s9,astro_reframe,2026-01-13 02:09:45.011
Human_Single::conversation_824271_2078.csv::s9,user_neutral_factual,2026-01-13 02:10:18.012
Human_Single::conversation_824271_2078.csv::s9,user_enthusiastic,2026-01-13 02:10:23.013
Human_Single::conversation_833669_4.csv::s1,user_neutral,2026-01-13 09:38:20.000
Human_Single::conversation_833669_4.csv::s1,user_neutral_factual,2026-01-29 16:26:01.001
Human_Single::conversation_833669_4.csv::s1,astro_other,2026-01-29 16:26:08.002
Human_Single::conversation_833669_4.csv::s1,astro_callback_within,2026-01-29 16:26:16.003
Human_Single::conversation_833669_4.csv::s1,astro_callback_within,2026-01-29 16:26:21.004
Human_Single::conversation_833669_4.csv::s1,user_neutral_factual,2026-01-29 16:26:23.005
Human_Single::conversation_833669_4.csv::s1,astro_callback_within,2026-01-29 16:26:35.006
Human_Single::conversation_833669_4.csv::s1,astro_callback_within,2026-01-29 16:26:42.007
Human_Single::conversation_833669_4.csv::s1,user_neutral_factual,2026-01-29 16:26:42.008
Human_Single::conversation_833669_4.csv::s1,astro_callback_within,2026-01-29 16:26:50.009
Human_Single::conversation_833669_4.csv::s1,user_neutral_factual,2026-01-29 16:26:51.010
Human_Single::conversation_833669_4.csv::s1,user_neutral_factual,2026-01-29 16:26:55.011
Human_Single::conversation_833669_4.csv::s1,user_neutral_factual,2026-01-29 16:27:01.012
Human_Single::conversation_833669_4.csv::s1,astro_other,2026-01-29 16:27:02.013
Human_Single::conversation_833669_4.csv::s1,user_neutral_factual,2026-01-29 16:27:03.014
Human_Single::conversation_833669_4.csv::s1,astro_other,2026-01-29 16:27:05.015
Human_Single::conversation_833669_4.csv::s1,astro_other,2026-01-29 16:27:14.016
Human_Single::conversation_833669_4.csv::s1,astro_other,2026-01-29 16:27:19.017
Human_Single::conversation_833669_4.csv::s1,user_neutral_factual,2026-01-29 16:27:23.018
Human_Single::conversation_833669_4.csv::s1,astro_other,2026-01-29 16:27:24.019
Human_Single::conversation_833669_4.csv::s1,user_neutral_factual,2026-01-29 16:27:35.020
Human_Single::conversation_833669_4.csv::s1,user_neutral_factual,2026-01-29 16:32:35.021
Human_Single::conversation_833669_4.csv::s1,astro_other,2026-01-29 16:32:44.022
Human_Single::conversation_833669_4.csv::s1,astro_other,2026-01-29 16:32:51.023
Human_Single::conversation_833669_4.csv::s1,user_neutral_factual,2026-01-29 16:33:15.024
Human_Single::conversation_833669_4.csv::s1,user_neutral_factual,2026-01-29 16:34:03.025
Human_Single::conversation_833669_4.csv::s1,user_neutral_factual,2026-01-29 16:34:09.026
Human_Single::conversation_833669_4.csv::s1,astro_other,2026-01-29 16:34:17.027
Human_Single::conversation_833669_4.csv::s1,astro_other,2026-01-29 16:34:20.028
Human_Single::conversation_833669_4.csv::s1,astro_other,2026-01-29 16:34:29.029
Human_Single::conversation_833669_4.csv::s1,user_neutral_factual,2026-01-29 16:34:35.030
Human_Single::conversation_833669_4.csv::s1,user_neutral_factual,2026-01-29 16:34:40.031
Human_Single::conversation_833669_4.csv::s1,user_disengaging,2026-01-29 16:34:54.032
Human_Single::conversation_878151_821.csv::s1,user_neutral,2026-02-22 19:50:14.000
