session_id,source_group,arc_cluster,returned
Human_Astro::conversation_1338879_1953.csv::s1,baseline_returned,1,True
Human_Astro::conversation_1338879_1953.csv::s10,baseline_returned,0,True
Human_Astro::conversation_1338879_1953.csv::s11,baseline_returned,1,True
Human_Astro::conversation_1338879_1953.csv::s12,baseline_returned,2,True
Human_Astro::conversation_1338879_1953.csv::s13,baseline_returned,2,True
Human_Astro::conversation_1338879_1953.csv::s14,baseline_returned,0,True
Human_Astro::conversation_1338879_1953.csv::s15,baseline_returned,1,True
Human_Astro::conversation_1338879_1953.csv::s16,baseline_returned,2,True
Human_Astro::conversation_1338879_1953.csv::s2,baseline_returned,1,True
Human_Astro::conversation_1338879_1953.csv::s3,baseline_returned,1,True
Human_Astro::conversation_1338879_1953.csv::s4,baseline_returned,1,True
Human_Astro::conversation_1338879_1953.csv::s6,baseline_returned,1,True
Human_Astro::conversation_1338879_1953.csv::s7,baseline_returned,1,True
Human_Astro::conversation_1338879_1953.csv::s8,baseline_returned,0,True
Human_Astro::conversation_1338879_1953.csv::s9,baseline_returned,1,True
Human_Astro::conversation_1378119_1270.csv::s1,baseline_returned,2,True
Human_Astro::conversation_1378119_1270.csv::s10,baseline_returned,1,True
Human_Astro::conversation_1378119_1270.csv::s11,baseline_returned,0,True
Human_Astro::conversation_1378119_1270.csv::s12,baseline_returned,1,True
Human_Astro::conversation_1378119_1270.csv::s13,baseline_returned,2,True
Human_Astro::conversation_1378119_1270.csv::s2,baseline_returned,1,True
Human_Astro::conversation_1378119_1270.csv::s3,baseline_returned,2,True
Human_Astro::conversation_1378119_1270.csv::s4,baseline_returned,0,True
Human_Astro::conversation_1378119_1270.csv::s5,baseline_returned,0,True
Human_Astro::conversation_1378119_1270.csv::s6,baseline_returned,1,True
Human_Astro::conversation_1378119_1270.csv::s7,baseline_returned,1,True
Human_Astro::conversation_1378119_1270.csv::s8,baseline_returned,0,True
Human_Astro::conversation_1378119_1270.csv::s9,baseline_returned,3,True
Human_Astro::conversation_1520760_2925.csv::s1,baseline_returned,1,True
Human_Astro::conversation_1520760_2925.csv::s10,baseline_returned,1,True
Human_Astro::conversation_1520760_2925.csv::s2,baseline_returned,2,True
Human_Astro::conversation_1520760_2925.csv::s3,baseline_returned,1,True
Human_Astro::conversation_1520760_2925.csv::s4,baseline_returned,2,True
Human_Astro::conversation_1520760_2925.csv::s5,baseline_returned,2,True
Human_Astro::conversation_1520760_2925.csv::s6,baseline_returned,2,True
Human_Astro::conversation_1520760_2925.csv::s7,baseline_returned,2,True
Human_Astro::conversation_1520760_2925.csv::s8,baseline_returned,0,True
Human_Astro::conversation_1520760_2925.csv::s9,baseline_returned,0,True
Human_Astro::conversation_1680677_1931.csv::s1,baseline_returned,1,True
Human_Astro::conversation_1680677_1931.csv::s10,baseline_returned,1,True
Human_Astro::conversation_1680677_1931.csv::s11,baseline_returned,1,True
Human_Astro::conversation_1680677_1931.csv::s12,baseline_returned,1,True
Human_Astro::conversation_1680677_1931.csv::s13,baseline_returned,1,True
Human_Astro::conversation_1680677_1931.csv::s2,baseline_returned,2,True
Human_Astro::conversation_1680677_1931.csv::s3,baseline_returned,3,True
Human_Astro::conversation_1680677_1931.csv::s4,baseline_returned,1,True
Human_Astro::conversation_1680677_1931.csv::s5,baseline_returned,3,True
Human_Astro::conversation_1680677_1931.csv::s6,baseline_returned,1,True
Human_Astro::conversation_1680677_1931.csv::s7,baseline_returned,1,True
Human_Astro::conversation_1680677_1931.csv::s8,baseline_returned,1,True
Human_Astro::conversation_1680677_1931.csv::s9,baseline_returned,1,True
Human_Astro::conversation_1851096_2048.csv::s1,baseline_returned,1,True
Human_Astro::conversation_1851096_2048.csv::s10,baseline_returned,2,True
Human_Astro::conversation_1851096_2048.csv::s2,baseline_returned,1,True
Human_Astro::conversation_1851096_2048.csv::s3,baseline_returned,0,True
Human_Astro::conversation_1851096_2048.csv::s4,baseline_returned,2,True
Human_Astro::conversation_1851096_2048.csv::s5,baseline_returned,1,True
Human_Astro::conversation_1851096_2048.csv::s6,baseline_returned,3,True
Human_Astro::conversation_1851096_2048.csv::s7,baseline_returned,0,True
Human_Astro::conversation_1851096_2048.csv::s8,baseline_returned,1,True
Human_Astro::conversation_1851096_2048.csv::s9,baseline_returned,3,True
Human_Astro::conversation_2221141_168.csv::s1,baseline_returned,2,True
Human_Astro::conversation_2221141_168.csv::s10,baseline_returned,3,True
Human_Astro::conversation_2221141_168.csv::s11,baseline_returned,1,True
Human_Astro::conversation_2221141_168.csv::s12,baseline_returned,3,True
Human_Astro::conversation_2221141_168.csv::s13,baseline_returned,1,True
Human_Astro::conversation_2221141_168.csv::s2,baseline_returned,2,True
Human_Astro::conversation_2221141_168.csv::s3,baseline_returned,0,True
Human_Astro::conversation_2221141_168.csv::s4,baseline_returned,0,True
Human_Astro::conversation_2221141_168.csv::s5,baseline_returned,1,True
Human_Astro::conversation_2221141_168.csv::s6,baseline_returned,1,True
Human_Astro::conversation_2221141_168.csv::s7,baseline_returned,1,True
Human_Astro::conversation_2221141_168.csv::s8,baseline_returned,0,True
Human_Astro::conversation_2221141_168.csv::s9,baseline_returned,1,True
Human_Astro::conversation_2634220_347.csv::s1,baseline_returned,1,True
Human_Astro::conversation_2634220_347.csv::s3,baseline_returned,1,True
Human_Astro::conversation_2634220_347.csv::s4,baseline_returned,3,True
Human_Astro::conversation_2634220_347.csv::s5,baseline_returned,3,True
Human_Astro::conversation_2634220_347.csv::s6,baseline_returned,3,True
Human_Astro::conversation_2634220_347.csv::s7,baseline_returned,3,True
Human_Astro::conversation_2634220_347.csv::s8,baseline_returned,3,True
Human_Astro::conversation_2678448_3177.csv::s1,baseline_returned,1,True
Human_Astro::conversation_2678448_3177.csv::s10,baseline_returned,1,True
Human_Astro::conversation_2678448_3177.csv::s11,baseline_returned,1,True
Human_Astro::conversation_2678448_3177.csv::s12,baseline_returned,1,True
Human_Astro::conversation_2678448_3177.csv::s2,baseline_returned,0,True
Human_Astro::conversation_2678448_3177.csv::s3,baseline_returned,1,True
Human_Astro::conversation_2678448_3177.csv::s4,baseline_returned,1,True
Human_Astro::conversation_2678448_3177.csv::s5,baseline_returned,1,True
Human_Astro::conversation_2678448_3177.csv::s6,baseline_returned,1,True
Human_Astro::conversation_2678448_3177.csv::s7,baseline_returned,1,True
Human_Astro::conversation_2678448_3177.csv::s8,baseline_returned,1,True
Human_Astro::conversation_2678448_3177.csv::s9,baseline_returned,1,True
Human_Astro::conversation_2725383_4463.csv::s1,baseline_returned,1,True
Human_Astro::conversation_2725383_4463.csv::s10,baseline_returned,1,True
Human_Astro::conversation_2725383_4463.csv::s2,baseline_returned,2,True
Human_Astro::conversation_2725383_4463.csv::s3,baseline_returned,0,True
Human_Astro::conversation_2725383_4463.csv::s4,baseline_returned,2,True
Human_Astro::conversation_2725383_4463.csv::s5,baseline_returned,2,True
Human_Astro::conversation_2725383_4463.csv::s6,baseline_returned,0,True
Human_Astro::conversation_2725383_4463.csv::s7,baseline_returned,2,True
Human_Astro::conversation_2725383_4463.csv::s8,baseline_returned,0,True
Human_Astro::conversation_2725383_4463.csv::s9,baseline_returned,2,True
Human_Astro::conversation_2850603_1238.csv::s1,baseline_returned,2,True
Human_Astro::conversation_2850603_1238.csv::s10,baseline_returned,1,True
Human_Astro::conversation_2850603_1238.csv::s11,baseline_returned,1,True
Human_Astro::conversation_2850603_1238.csv::s12,baseline_returned,0,True
Human_Astro::conversation_2850603_1238.csv::s13,baseline_returned,1,True
Human_Astro::conversation_2850603_1238.csv::s14,baseline_returned,0,True
Human_Astro::conversation_2850603_1238.csv::s15,baseline_returned,1,True
Human_Astro::conversation_2850603_1238.csv::s16,baseline_returned,0,True
Human_Astro::conversation_2850603_1238.csv::s17,baseline_returned,0,True
Human_Astro::conversation_2850603_1238.csv::s18,baseline_returned,1,True
Human_Astro::conversation_2850603_1238.csv::s19,baseline_returned,0,True
Human_Astro::conversation_2850603_1238.csv::s2,baseline_returned,1,True
Human_Astro::conversation_2850603_1238.csv::s20,baseline_returned,2,True
Human_Astro::conversation_2850603_1238.csv::s21,baseline_returned,2,True
Human_Astro::conversation_2850603_1238.csv::s22,baseline_returned,1,True
Human_Astro::conversation_2850603_1238.csv::s3,baseline_returned,0,True
Human_Astro::conversation_2850603_1238.csv::s4,baseline_returned,1,True
Human_Astro::conversation_2850603_1238.csv::s5,baseline_returned,1,True
Human_Astro::conversation_2850603_1238.csv::s6,baseline_returned,2,True
Human_Astro::conversation_2850603_1238.csv::s7,baseline_returned,1,True
Human_Astro::conversation_2850603_1238.csv::s8,baseline_returned,1,True
Human_Astro::conversation_2850603_1238.csv::s9,baseline_returned,0,True
Human_Astro::conversation_2946836_3183.csv::s1,baseline_returned,0,True
Human_Astro::conversation_2946836_3183.csv::s2,baseline_returned,2,True
Human_Astro::conversation_2946836_3183.csv::s3,baseline_returned,2,True
Human_Astro::conversation_2946836_3183.csv::s4,baseline_returned,0,True
Human_Astro::conversation_2946836_3183.csv::s5,baseline_returned,1,True
Human_Astro::conversation_2946836_3183.csv::s6,baseline_returned,0,True
Human_Astro::conversation_2946836_3183.csv::s7,baseline_returned,3,True
Human_Astro::conversation_2946836_3183.csv::s8,baseline_returned,1,True
Human_Astro::conversation_2946836_3183.csv::s9,baseline_returned,0,True
Human_Astro::conversation_3064704_1747.csv::s1,baseline_returned,2,True
Human_Astro::conversation_3064704_1747.csv::s10,baseline_returned,1,True
Human_Astro::conversation_3064704_1747.csv::s2,baseline_returned,1,True
Human_Astro::conversation_3064704_1747.csv::s3,baseline_returned,2,True
Human_Astro::conversation_3064704_1747.csv::s4,baseline_returned,0,True
Human_Astro::conversation_3064704_1747.csv::s5,baseline_returned,0,True
Human_Astro::conversation_3064704_1747.csv::s6,baseline_returned,2,True
Human_Astro::conversation_3064704_1747.csv::s7,baseline_returned,1,True
Human_Astro::conversation_3064704_1747.csv::s8,baseline_returned,1,True
Human_Astro::conversation_3064704_1747.csv::s9,baseline_returned,1,True
Human_Astro::conversation_3079187_926.csv::s1,baseline_returned,1,True
Human_Astro::conversation_3079187_926.csv::s10,baseline_returned,1,True
Human_Astro::conversation_3079187_926.csv::s11,baseline_returned,1,True
Human_Astro::conversation_3079187_926.csv::s12,baseline_returned,1,True
Human_Astro::conversation_3079187_926.csv::s13,baseline_returned,0,True
Human_Astro::conversation_3079187_926.csv::s2,baseline_returned,0,True
Human_Astro::conversation_3079187_926.csv::s3,baseline_returned,1,True
Human_Astro::conversation_3079187_926.csv::s4,baseline_returned,0,True
Human_Astro::conversation_3079187_926.csv::s5,baseline_returned,0,True
Human_Astro::conversation_3079187_926.csv::s6,baseline_returned,1,True
Human_Astro::conversation_3079187_926.csv::s7,baseline_returned,0,True
Human_Astro::conversation_3079187_926.csv::s8,baseline_returned,1,True
Human_Astro::conversation_3079187_926.csv::s9,baseline_returned,0,True
Human_Astro::conversation_3084324_3727.csv::s1,baseline_returned,0,True
Human_Astro::conversation_3084324_3727.csv::s10,baseline_returned,3,True
Human_Astro::conversation_3084324_3727.csv::s11,baseline_returned,1,True
Human_Astro::conversation_3084324_3727.csv::s12,baseline_returned,0,True
Human_Astro::conversation_3084324_3727.csv::s13,baseline_returned,1,True
Human_Astro::conversation_3084324_3727.csv::s14,baseline_returned,0,True
Human_Astro::conversation_3084324_3727.csv::s15,baseline_returned,2,True
Human_Astro::conversation_3084324_3727.csv::s16,baseline_returned,3,True
Human_Astro::conversation_3084324_3727.csv::s2,baseline_returned,1,True
Human_Astro::conversation_3084324_3727.csv::s3,baseline_returned,3,True
Human_Astro::conversation_3084324_3727.csv::s4,baseline_returned,1,True
Human_Astro::conversation_3084324_3727.csv::s5,baseline_returned,1,True
Human_Astro::conversation_3084324_3727.csv::s6,baseline_returned,0,True
Human_Astro::conversation_3084324_3727.csv::s7,baseline_returned,1,True
Human_Astro::conversation_3084324_3727.csv::s8,baseline_returned,1,True
Human_Astro::conversation_3084324_3727.csv::s9,baseline_returned,1,True
Human_Astro::conversation_3089486_1765.csv::s1,baseline_returned,1,True
Human_Astro::conversation_3089486_1765.csv::s10,baseline_returned,1,True
Human_Astro::conversation_3089486_1765.csv::s11,baseline_returned,1,True
Human_Astro::conversation_3089486_1765.csv::s12,baseline_returned,1,True
Human_Astro::conversation_3089486_1765.csv::s2,baseline_returned,1,True
Human_Astro::conversation_3089486_1765.csv::s3,baseline_returned,1,True
Human_Astro::conversation_3089486_1765.csv::s4,baseline_returned,1,True
Human_Astro::conversation_3089486_1765.csv::s5,baseline_returned,1,True
Human_Astro::conversation_3089486_1765.csv::s6,baseline_returned,1,True
Human_Astro::conversation_3089486_1765.csv::s7,baseline_returned,1,True
Human_Astro::conversation_3089486_1765.csv::s8,baseline_returned,3,True
Human_Astro::conversation_3089486_1765.csv::s9,baseline_returned,1,True
Human_Astro::conversation_3100018_2041.csv::s10,baseline_returned,0,True
Human_Astro::conversation_3100018_2041.csv::s11,baseline_returned,1,True
Human_Astro::conversation_3100018_2041.csv::s12,baseline_returned,1,True
Human_Astro::conversation_3100018_2041.csv::s13,baseline_returned,1,True
Human_Astro::conversation_3100018_2041.csv::s14,baseline_returned,1,True
Human_Astro::conversation_3100018_2041.csv::s15,baseline_returned,3,True
Human_Astro::conversation_3100018_2041.csv::s2,baseline_returned,1,True
Human_Astro::conversation_3100018_2041.csv::s3,baseline_returned,1,True
Human_Astro::conversation_3100018_2041.csv::s4,baseline_returned,2,True
Human_Astro::conversation_3100018_2041.csv::s5,baseline_returned,2,True
Human_Astro::conversation_3100018_2041.csv::s6,baseline_returned,1,True
Human_Astro::conversation_3100018_2041.csv::s7,baseline_returned,1,True
Human_Astro::conversation_3100018_2041.csv::s8,baseline_returned,3,True
Human_Astro::conversation_3100018_2041.csv::s9,baseline_returned,1,True
Human_Astro::conversation_3129759_3821.csv::s1,baseline_returned,1,True
Human_Astro::conversation_3129759_3821.csv::s10,baseline_returned,3,True
Human_Astro::conversation_3129759_3821.csv::s11,baseline_returned,3,True
Human_Astro::conversation_3129759_3821.csv::s12,baseline_returned,1,True
Human_Astro::conversation_3129759_3821.csv::s13,baseline_returned,0,True
Human_Astro::conversation_3129759_3821.csv::s14,baseline_returned,0,True
Human_Astro::conversation_3129759_3821.csv::s15,baseline_returned,3,True
Human_Astro::conversation_3129759_3821.csv::s16,baseline_returned,0,True
Human_Astro::conversation_3129759_3821.csv::s17,baseline_returned,1,True
Human_Astro::conversation_3129759_3821.csv::s18,baseline_returned,3,True
Human_Astro::conversation_3129759_3821.csv::s19,baseline_returned,3,True
Human_Astro::conversation_3129759_3821.csv::s2,baseline_returned,0,True
Human_Astro::conversation_3129759_3821.csv::s20,baseline_returned,1,True
Human_Astro::conversation_3129759_3821.csv::s21,baseline_returned,1,True
Human_Astro::conversation_3129759_3821.csv::s3,baseline_returned,1,True
Human_Astro::conversation_3129759_3821.csv::s4,baseline_returned,1,True
Human_Astro::conversation_3129759_3821.csv::s5,baseline_returned,1,True
Human_Astro::conversation_3129759_3821.csv::s6,baseline_returned,1,True
Human_Astro::conversation_3129759_3821.csv::s7,baseline_returned,1,True
Human_Astro::conversation_3129759_3821.csv::s8,baseline_returned,1,True
Human_Astro::conversation_3129759_3821.csv::s9,baseline_returned,1,True
Human_Astro::conversation_3137279_2041.csv::s1,baseline_returned,3,True
Human_Astro::conversation_3137279_2041.csv::s10,baseline_returned,1,True
Human_Astro::conversation_3137279_2041.csv::s2,baseline_returned,1,True
Human_Astro::conversation_3137279_2041.csv::s4,baseline_returned,0,True
Human_Astro::conversation_3137279_2041.csv::s5,baseline_returned,1,True
Human_Astro::conversation_3137279_2041.csv::s6,baseline_returned,0,True
Human_Astro::conversation_3137279_2041.csv::s7,baseline_returned,3,True
Human_Astro::conversation_3137279_2041.csv::s8,baseline_returned,3,True
Human_Astro::conversation_3137279_2041.csv::s9,baseline_returned,1,True
Human_Astro::conversation_3141140_670.csv::s1,baseline_returned,1,True
Human_Astro::conversation_3141140_670.csv::s10,baseline_returned,3,True
Human_Astro::conversation_3141140_670.csv::s11,baseline_returned,2,True
Human_Astro::conversation_3141140_670.csv::s12,baseline_returned,0,True
Human_Astro::conversation_3141140_670.csv::s13,baseline_returned,2,True
Human_Astro::conversation_3141140_670.csv::s14,baseline_returned,1,True
Human_Astro::conversation_3141140_670.csv::s2,baseline_returned,1,True
Human_Astro::conversation_3141140_670.csv::s3,baseline_returned,1,True
Human_Astro::conversation_3141140_670.csv::s4,baseline_returned,3,True
Human_Astro::conversation_3141140_670.csv::s5,baseline_returned,0,True
Human_Astro::conversation_3141140_670.csv::s6,baseline_returned,2,True
Human_Astro::conversation_3141140_670.csv::s7,baseline_returned,1,True
Human_Astro::conversation_3141140_670.csv::s8,baseline_returned,1,True
Human_Astro::conversation_3141140_670.csv::s9,baseline_returned,3,True
Human_Astro::conversation_3165061_2487.csv::s1,baseline_returned,2,True
Human_Astro::conversation_3165061_2487.csv::s10,baseline_returned,3,True
Human_Astro::conversation_3165061_2487.csv::s11,baseline_returned,1,True
Human_Astro::conversation_3165061_2487.csv::s12,baseline_returned,1,True
Human_Astro::conversation_3165061_2487.csv::s2,baseline_returned,1,True
Human_Astro::conversation_3165061_2487.csv::s3,baseline_returned,0,True
Human_Astro::conversation_3165061_2487.csv::s4,baseline_returned,3,True
Human_Astro::conversation_3165061_2487.csv::s5,baseline_returned,0,True
Human_Astro::conversation_3165061_2487.csv::s6,baseline_returned,3,True
Human_Astro::conversation_3165061_2487.csv::s7,baseline_returned,3,True
Human_Astro::conversation_3165061_2487.csv::s8,baseline_returned,1,True
Human_Astro::conversation_3165061_2487.csv::s9,baseline_returned,2,True
Human_Astro::conversation_3217935_1737.csv::s1,baseline_returned,1,True
Human_Astro::conversation_3217935_1737.csv::s2,baseline_returned,1,True
Human_Astro::conversation_3217935_1737.csv::s3,baseline_returned,1,True
Human_Astro::conversation_3217935_1737.csv::s4,baseline_returned,1,True
Human_Astro::conversation_3217935_1737.csv::s5,baseline_returned,1,True
Human_Astro::conversation_3217935_1737.csv::s6,baseline_returned,1,True
Human_Astro::conversation_3217935_1737.csv::s7,baseline_returned,1,True
Human_Astro::conversation_3217935_1737.csv::s8,baseline_returned,3,True
Human_Astro::conversation_3233283_1873.csv::s1,baseline_returned,1,True
Human_Astro::conversation_3233283_1873.csv::s10,baseline_returned,2,True
Human_Astro::conversation_3233283_1873.csv::s2,baseline_returned,1,True
Human_Astro::conversation_3233283_1873.csv::s3,baseline_returned,2,True
Human_Astro::conversation_3233283_1873.csv::s4,baseline_returned,0,True
Human_Astro::conversation_3233283_1873.csv::s5,baseline_returned,1,True
Human_Astro::conversation_3233283_1873.csv::s6,baseline_returned,1,True
Human_Astro::conversation_3233283_1873.csv::s7,baseline_returned,1,True
Human_Astro::conversation_3233283_1873.csv::s8,baseline_returned,1,True
Human_Astro::conversation_3233283_1873.csv::s9,baseline_returned,2,True
Human_Astro::conversation_3258729_2041.csv::s1,baseline_returned,1,True
Human_Astro::conversation_3258729_2041.csv::s10,baseline_returned,1,True
Human_Astro::conversation_3258729_2041.csv::s11,baseline_returned,0,True
Human_Astro::conversation_3258729_2041.csv::s12,baseline_returned,3,True
Human_Astro::conversation_3258729_2041.csv::s13,baseline_returned,1,True
Human_Astro::conversation_3258729_2041.csv::s14,baseline_returned,1,True
Human_Astro::conversation_3258729_2041.csv::s15,baseline_returned,1,True
Human_Astro::conversation_3258729_2041.csv::s16,baseline_returned,3,True
Human_Astro::conversation_3258729_2041.csv::s17,baseline_returned,1,True
Human_Astro::conversation_3258729_2041.csv::s18,baseline_returned,1,True
Human_Astro::conversation_3258729_2041.csv::s19,baseline_returned,3,True
Human_Astro::conversation_3258729_2041.csv::s2,baseline_returned,1,True
Human_Astro::conversation_3258729_2041.csv::s3,baseline_returned,0,True
Human_Astro::conversation_3258729_2041.csv::s4,baseline_returned,1,True
Human_Astro::conversation_3258729_2041.csv::s5,baseline_returned,2,True
Human_Astro::conversation_3258729_2041.csv::s6,baseline_returned,1,True
Human_Astro::conversation_3258729_2041.csv::s7,baseline_returned,3,True
Human_Astro::conversation_3258729_2041.csv::s8,baseline_returned,3,True
Human_Astro::conversation_3274321_3667.csv::s1,baseline_returned,1,True
Human_Astro::conversation_3274321_3667.csv::s2,baseline_returned,1,True
Human_Astro::conversation_3274321_3667.csv::s3,baseline_returned,1,True
Human_Astro::conversation_3274321_3667.csv::s4,baseline_returned,1,True
Human_Astro::conversation_3274321_3667.csv::s5,baseline_returned,3,True
Human_Astro::conversation_3274321_3667.csv::s6,baseline_returned,3,True
Human_Astro::conversation_3274321_3667.csv::s7,baseline_returned,1,True
Human_Astro::conversation_3274321_3667.csv::s8,baseline_returned,2,True
Human_Astro::conversation_3283278_321.csv::s1,baseline_returned,1,True
Human_Astro::conversation_3283278_321.csv::s10,baseline_returned,3,True
Human_Astro::conversation_3283278_321.csv::s11,baseline_returned,3,True
Human_Astro::conversation_3283278_321.csv::s12,baseline_returned,0,True
Human_Astro::conversation_3283278_321.csv::s13,baseline_returned,3,True
Human_Astro::conversation_3283278_321.csv::s2,baseline_returned,1,True
Human_Astro::conversation_3283278_321.csv::s3,baseline_returned,1,True
Human_Astro::conversation_3283278_321.csv::s4,baseline_returned,1,True
Human_Astro::conversation_3283278_321.csv::s5,baseline_returned,1,True
Human_Astro::conversation_3283278_321.csv::s6,baseline_returned,1,True
Human_Astro::conversation_3283278_321.csv::s7,baseline_returned,3,True
Human_Astro::conversation_3283278_321.csv::s8,baseline_returned,1,True
Human_Astro::conversation_3283278_321.csv::s9,baseline_returned,1,True
Human_Astro::conversation_3289400_670.csv::s1,baseline_returned,0,True
Human_Astro::conversation_3289400_670.csv::s2,baseline_returned,0,True
Human_Astro::conversation_3289400_670.csv::s3,baseline_returned,0,True
Human_Astro::conversation_3289400_670.csv::s4,baseline_returned,2,True
Human_Astro::conversation_3289400_670.csv::s5,baseline_returned,0,True
Human_Astro::conversation_3289400_670.csv::s6,baseline_returned,1,True
Human_Astro::conversation_3289400_670.csv::s7,baseline_returned,0,True
Human_Astro::conversation_3289400_670.csv::s8,baseline_returned,1,True
Human_Astro::conversation_3289400_670.csv::s9,baseline_returned,1,True
Human_Astro::conversation_3292393_4042.csv::s1,baseline_returned,1,True
Human_Astro::conversation_3292393_4042.csv::s2,baseline_returned,1,True
Human_Astro::conversation_3292393_4042.csv::s3,baseline_returned,2,True
Human_Astro::conversation_3292393_4042.csv::s4,baseline_returned,3,True
Human_Astro::conversation_3292393_4042.csv::s5,baseline_returned,0,True
Human_Astro::conversation_3292393_4042.csv::s6,baseline_returned,2,True
Human_Astro::conversation_3292393_4042.csv::s7,baseline_returned,2,True
Human_Astro::conversation_3292393_4042.csv::s8,baseline_returned,0,True
Human_Astro::conversation_3308505_2019.csv::s1,baseline_returned,1,True
Human_Astro::conversation_3308505_2019.csv::s10,baseline_returned,1,True
Human_Astro::conversation_3308505_2019.csv::s11,baseline_returned,1,True
Human_Astro::conversation_3308505_2019.csv::s12,baseline_returned,0,True
Human_Astro::conversation_3308505_2019.csv::s14,baseline_returned,1,True
Human_Astro::conversation_3308505_2019.csv::s15,baseline_returned,1,True
Human_Astro::conversation_3308505_2019.csv::s16,baseline_returned,1,True
Human_Astro::conversation_3308505_2019.csv::s17,baseline_returned,1,True
Human_Astro::conversation_3308505_2019.csv::s18,baseline_returned,1,True
Human_Astro::conversation_3308505_2019.csv::s19,baseline_returned,1,True
Human_Astro::conversation_3308505_2019.csv::s2,baseline_returned,1,True
Human_Astro::conversation_3308505_2019.csv::s20,baseline_returned,1,True
Human_Astro::conversation_3308505_2019.csv::s21,baseline_returned,1,True
Human_Astro::conversation_3308505_2019.csv::s3,baseline_returned,2,True
Human_Astro::conversation_3308505_2019.csv::s4,baseline_returned,0,True
Human_Astro::conversation_3308505_2019.csv::s5,baseline_returned,2,True
Human_Astro::conversation_3308505_2019.csv::s6,baseline_returned,1,True
Human_Astro::conversation_3308505_2019.csv::s7,baseline_returned,1,True
Human_Astro::conversation_3308505_2019.csv::s8,baseline_returned,1,True
Human_Astro::conversation_3308505_2019.csv::s9,baseline_returned,1,True
Human_Astro::conversation_3308505_4010.csv::s1,baseline_returned,1,True
Human_Astro::conversation_3308505_4010.csv::s10,baseline_returned,3,True
Human_Astro::conversation_3308505_4010.csv::s11,baseline_returned,0,True
Human_Astro::conversation_3308505_4010.csv::s12,baseline_returned,2,True
Human_Astro::conversation_3308505_4010.csv::s13,baseline_returned,1,True
Human_Astro::conversation_3308505_4010.csv::s2,baseline_returned,2,True
Human_Astro::conversation_3308505_4010.csv::s3,baseline_returned,1,True
Human_Astro::conversation_3308505_4010.csv::s4,baseline_returned,1,True
Human_Astro::conversation_3308505_4010.csv::s5,baseline_returned,1,True
Human_Astro::conversation_3308505_4010.csv::s6,baseline_returned,1,True
Human_Astro::conversation_3308505_4010.csv::s7,baseline_returned,1,True
Human_Astro::conversation_3308505_4010.csv::s8,baseline_returned,1,True
Human_Astro::conversation_3308505_4010.csv::s9,baseline_returned,1,True
Human_Astro::conversation_3355731_1117.csv::s1,baseline_returned,3,True
Human_Astro::conversation_3355731_1117.csv::s10,baseline_returned,1,True
Human_Astro::conversation_3355731_1117.csv::s11,baseline_returned,2,True
Human_Astro::conversation_3355731_1117.csv::s2,baseline_returned,1,True
Human_Astro::conversation_3355731_1117.csv::s3,baseline_returned,1,True
Human_Astro::conversation_3355731_1117.csv::s4,baseline_returned,1,True
Human_Astro::conversation_3355731_1117.csv::s5,baseline_returned,1,True
Human_Astro::conversation_3355731_1117.csv::s6,baseline_returned,1,True
Human_Astro::conversation_3355731_1117.csv::s7,baseline_returned,3,True
Human_Astro::conversation_3355731_1117.csv::s8,baseline_returned,0,True
Human_Astro::conversation_3355731_1117.csv::s9,baseline_returned,1,True
Human_Astro::conversation_3371122_1117.csv::s1,baseline_returned,0,True
Human_Astro::conversation_3371122_1117.csv::s10,baseline_returned,1,True
Human_Astro::conversation_3371122_1117.csv::s11,baseline_returned,1,True
Human_Astro::conversation_3371122_1117.csv::s12,baseline_returned,1,True
Human_Astro::conversation_3371122_1117.csv::s2,baseline_returned,3,True
Human_Astro::conversation_3371122_1117.csv::s3,baseline_returned,3,True
Human_Astro::conversation_3371122_1117.csv::s4,baseline_returned,1,True
Human_Astro::conversation_3371122_1117.csv::s5,baseline_returned,1,True
Human_Astro::conversation_3371122_1117.csv::s6,baseline_returned,2,True
Human_Astro::conversation_3371122_1117.csv::s7,baseline_returned,3,True
Human_Astro::conversation_3371122_1117.csv::s8,baseline_returned,3,True
Human_Astro::conversation_3371122_1117.csv::s9,baseline_returned,1,True
Human_Astro::conversation_3385183_546.csv::s1,baseline_returned,1,True
Human_Astro::conversation_3385183_546.csv::s10,baseline_returned,1,True
Human_Astro::conversation_3385183_546.csv::s11,baseline_returned,2,True
Human_Astro::conversation_3385183_546.csv::s2,baseline_returned,0,True
Human_Astro::conversation_3385183_546.csv::s3,baseline_returned,1,True
Human_Astro::conversation_3385183_546.csv::s4,baseline_returned,3,True
Human_Astro::conversation_3385183_546.csv::s5,baseline_returned,1,True
Human_Astro::conversation_3385183_546.csv::s6,baseline_returned,1,True
Human_Astro::conversation_3385183_546.csv::s7,baseline_returned,1,True
Human_Astro::conversation_3385183_546.csv::s9,baseline_returned,3,True
Human_Astro::conversation_3395760_1031.csv::s1,baseline_returned,0,True
Human_Astro::conversation_3395760_1031.csv::s10,baseline_returned,2,True
Human_Astro::conversation_3395760_1031.csv::s11,baseline_returned,1,True
Human_Astro::conversation_3395760_1031.csv::s12,baseline_returned,1,True
Human_Astro::conversation_3395760_1031.csv::s13,baseline_returned,1,True
Human_Astro::conversation_3395760_1031.csv::s14,baseline_returned,1,True
Human_Astro::conversation_3395760_1031.csv::s15,baseline_returned,0,True
Human_Astro::conversation_3395760_1031.csv::s16,baseline_returned,0,True
Human_Astro::conversation_3395760_1031.csv::s17,baseline_returned,0,True
Human_Astro::conversation_3395760_1031.csv::s18,baseline_returned,1,True
Human_Astro::conversation_3395760_1031.csv::s19,baseline_returned,1,True
Human_Astro::conversation_3395760_1031.csv::s2,baseline_returned,0,True
Human_Astro::conversation_3395760_1031.csv::s20,baseline_returned,1,True
Human_Astro::conversation_3395760_1031.csv::s3,baseline_returned,2,True
Human_Astro::conversation_3395760_1031.csv::s4,baseline_returned,2,True
Human_Astro::conversation_3395760_1031.csv::s5,baseline_returned,1,True
Human_Astro::conversation_3395760_1031.csv::s6,baseline_returned,2,True
Human_Astro::conversation_3395760_1031.csv::s7,baseline_returned,3,True
Human_Astro::conversation_3395760_1031.csv::s8,baseline_returned,1,True
Human_Astro::conversation_3395760_1031.csv::s9,baseline_returned,1,True
Human_Astro::conversation_3428129_1844.csv::s1,baseline_returned,1,True
Human_Astro::conversation_3428129_1844.csv::s10,baseline_returned,1,True
Human_Astro::conversation_3428129_1844.csv::s11,baseline_returned,0,True
Human_Astro::conversation_3428129_1844.csv::s12,baseline_returned,3,True
Human_Astro::conversation_3428129_1844.csv::s13,baseline_returned,1,True
Human_Astro::conversation_3428129_1844.csv::s14,baseline_returned,1,True
Human_Astro::conversation_3428129_1844.csv::s15,baseline_returned,1,True
Human_Astro::conversation_3428129_1844.csv::s16,baseline_returned,1,True
Human_Astro::conversation_3428129_1844.csv::s17,baseline_returned,0,True
Human_Astro::conversation_3428129_1844.csv::s18,baseline_returned,2,True
Human_Astro::conversation_3428129_1844.csv::s19,baseline_returned,2,True
Human_Astro::conversation_3428129_1844.csv::s2,baseline_returned,0,True
Human_Astro::conversation_3428129_1844.csv::s20,baseline_returned,2,True
Human_Astro::conversation_3428129_1844.csv::s21,baseline_returned,1,True
Human_Astro::conversation_3428129_1844.csv::s22,baseline_returned,0,True
Human_Astro::conversation_3428129_1844.csv::s23,baseline_returned,1,True
Human_Astro::conversation_3428129_1844.csv::s24,baseline_returned,1,True
Human_Astro::conversation_3428129_1844.csv::s25,baseline_returned,3,True
Human_Astro::conversation_3428129_1844.csv::s3,baseline_returned,1,True
Human_Astro::conversation_3428129_1844.csv::s4,baseline_returned,3,True
Human_Astro::conversation_3428129_1844.csv::s5,baseline_returned,0,True
Human_Astro::conversation_3428129_1844.csv::s6,baseline_returned,3,True
Human_Astro::conversation_3428129_1844.csv::s7,baseline_returned,2,True
Human_Astro::conversation_3428129_1844.csv::s8,baseline_returned,0,True
Human_Astro::conversation_3428129_1844.csv::s9,baseline_returned,1,True
Human_Astro::conversation_3428988_546.csv::s1,baseline_returned,1,True
Human_Astro::conversation_3428988_546.csv::s10,baseline_returned,1,True
Human_Astro::conversation_3428988_546.csv::s11,baseline_returned,3,True
Human_Astro::conversation_3428988_546.csv::s12,baseline_returned,3,True
Human_Astro::conversation_3428988_546.csv::s13,baseline_returned,3,True
Human_Astro::conversation_3428988_546.csv::s2,baseline_returned,1,True
Human_Astro::conversation_3428988_546.csv::s3,baseline_returned,1,True
Human_Astro::conversation_3428988_546.csv::s4,baseline_returned,1,True
Human_Astro::conversation_3428988_546.csv::s5,baseline_returned,3,True
Human_Astro::conversation_3428988_546.csv::s6,baseline_returned,0,True
Human_Astro::conversation_3428988_546.csv::s7,baseline_returned,1,True
Human_Astro::conversation_3428988_546.csv::s8,baseline_returned,1,True
Human_Astro::conversation_3428988_546.csv::s9,baseline_returned,1,True
Human_Astro::conversation_3460845_3788.csv::s1,baseline_returned,0,True
Human_Astro::conversation_3460845_3788.csv::s10,baseline_returned,1,True
Human_Astro::conversation_3460845_3788.csv::s11,baseline_returned,3,True
Human_Astro::conversation_3460845_3788.csv::s12,baseline_returned,1,True
Human_Astro::conversation_3460845_3788.csv::s13,baseline_returned,1,True
Human_Astro::conversation_3460845_3788.csv::s14,baseline_returned,3,True
Human_Astro::conversation_3460845_3788.csv::s15,baseline_returned,1,True
Human_Astro::conversation_3460845_3788.csv::s16,baseline_returned,1,True
Human_Astro::conversation_3460845_3788.csv::s17,baseline_returned,1,True
Human_Astro::conversation_3460845_3788.csv::s18,baseline_returned,1,True
Human_Astro::conversation_3460845_3788.csv::s19,baseline_returned,1,True
Human_Astro::conversation_3460845_3788.csv::s2,baseline_returned,1,True
Human_Astro::conversation_3460845_3788.csv::s21,baseline_returned,0,True
Human_Astro::conversation_3460845_3788.csv::s22,baseline_returned,1,True
Human_Astro::conversation_3460845_3788.csv::s3,baseline_returned,3,True
Human_Astro::conversation_3460845_3788.csv::s4,baseline_returned,0,True
Human_Astro::conversation_3460845_3788.csv::s5,baseline_returned,0,True
Human_Astro::conversation_3460845_3788.csv::s6,baseline_returned,1,True
Human_Astro::conversation_3460845_3788.csv::s7,baseline_returned,1,True
Human_Astro::conversation_3460845_3788.csv::s8,baseline_returned,1,True
Human_Astro::conversation_3460845_3788.csv::s9,baseline_returned,0,True
Human_Astro::conversation_3475164_2462.csv::s1,baseline_returned,0,True
Human_Astro::conversation_3475164_2462.csv::s10,baseline_returned,1,True
Human_Astro::conversation_3475164_2462.csv::s11,baseline_returned,1,True
Human_Astro::conversation_3475164_2462.csv::s12,baseline_returned,2,True
Human_Astro::conversation_3475164_2462.csv::s13,baseline_returned,0,True
Human_Astro::conversation_3475164_2462.csv::s14,baseline_returned,1,True
Human_Astro::conversation_3475164_2462.csv::s15,baseline_returned,0,True
Human_Astro::conversation_3475164_2462.csv::s2,baseline_returned,1,True
Human_Astro::conversation_3475164_2462.csv::s3,baseline_returned,1,True
Human_Astro::conversation_3475164_2462.csv::s4,baseline_returned,1,True
Human_Astro::conversation_3475164_2462.csv::s5,baseline_returned,3,True
Human_Astro::conversation_3475164_2462.csv::s6,baseline_returned,1,True
Human_Astro::conversation_3475164_2462.csv::s7,baseline_returned,2,True
Human_Astro::conversation_3475164_2462.csv::s8,baseline_returned,1,True
Human_Astro::conversation_3475164_2462.csv::s9,baseline_returned,3,True
Human_Astro::conversation_3540611_1747.csv::s1,baseline_returned,1,True
Human_Astro::conversation_3540611_1747.csv::s10,baseline_returned,2,True
Human_Astro::conversation_3540611_1747.csv::s11,baseline_returned,0,True
Human_Astro::conversation_3540611_1747.csv::s12,baseline_returned,0,True
Human_Astro::conversation_3540611_1747.csv::s13,baseline_returned,0,True
Human_Astro::conversation_3540611_1747.csv::s14,baseline_returned,1,True
Human_Astro::conversation_3540611_1747.csv::s15,baseline_returned,1,True
Human_Astro::conversation_3540611_1747.csv::s2,baseline_returned,1,True
Human_Astro::conversation_3540611_1747.csv::s3,baseline_returned,1,True
Human_Astro::conversation_3540611_1747.csv::s4,baseline_returned,1,True
Human_Astro::conversation_3540611_1747.csv::s5,baseline_returned,1,True
Human_Astro::conversation_3540611_1747.csv::s6,baseline_returned,1,True
Human_Astro::conversation_3540611_1747.csv::s7,baseline_returned,1,True
Human_Astro::conversation_3540611_1747.csv::s8,baseline_returned,1,True
Human_Astro::conversation_3540611_1747.csv::s9,baseline_returned,1,True
Human_Astro::conversation_3547075_658.csv::s1,baseline_returned,1,True
Human_Astro::conversation_3547075_658.csv::s2,baseline_returned,1,True
Human_Astro::conversation_3547075_658.csv::s3,baseline_returned,3,True
Human_Astro::conversation_3547075_658.csv::s4,baseline_returned,1,True
Human_Astro::conversation_3547075_658.csv::s5,baseline_returned,0,True
Human_Astro::conversation_3547075_658.csv::s6,baseline_returned,3,True
Human_Astro::conversation_3547075_658.csv::s7,baseline_returned,3,True
Human_Astro::conversation_3547075_658.csv::s8,baseline_returned,1,True
Human_Astro::conversation_3547075_658.csv::s9,baseline_returned,1,True
Human_Astro::conversation_3552969_680.csv::s1,baseline_returned,1,True
Human_Astro::conversation_3552969_680.csv::s11,baseline_returned,2,True
Human_Astro::conversation_3552969_680.csv::s2,baseline_returned,0,True
Human_Astro::conversation_3552969_680.csv::s3,baseline_returned,1,True
Human_Astro::conversation_3552969_680.csv::s4,baseline_returned,1,True
Human_Astro::conversation_3552969_680.csv::s5,baseline_returned,1,True
Human_Astro::conversation_3552969_680.csv::s6,baseline_returned,2,True
Human_Astro::conversation_3552969_680.csv::s7,baseline_returned,0,True
Human_Astro::conversation_3552969_680.csv::s8,baseline_returned,0,True
Human_Astro::conversation_3552969_680.csv::s9,baseline_returned,2,True
Human_Astro::conversation_3568670_1747.csv::s1,baseline_returned,2,True
Human_Astro::conversation_3568670_1747.csv::s10,baseline_returned,2,True
Human_Astro::conversation_3568670_1747.csv::s11,baseline_returned,1,True
Human_Astro::conversation_3568670_1747.csv::s12,baseline_returned,1,True
Human_Astro::conversation_3568670_1747.csv::s13,baseline_returned,0,True
Human_Astro::conversation_3568670_1747.csv::s14,baseline_returned,0,True
Human_Astro::conversation_3568670_1747.csv::s15,baseline_returned,1,True
Human_Astro::conversation_3568670_1747.csv::s16,baseline_returned,1,True
Human_Astro::conversation_3568670_1747.csv::s17,baseline_returned,2,True
Human_Astro::conversation_3568670_1747.csv::s2,baseline_returned,0,True
Human_Astro::conversation_3568670_1747.csv::s3,baseline_returned,0,True
Human_Astro::conversation_3568670_1747.csv::s4,baseline_returned,2,True
Human_Astro::conversation_3568670_1747.csv::s5,baseline_returned,2,True
Human_Astro::conversation_3568670_1747.csv::s6,baseline_returned,1,True
Human_Astro::conversation_3568670_1747.csv::s7,baseline_returned,1,True
Human_Astro::conversation_3568670_1747.csv::s8,baseline_returned,1,True
Human_Astro::conversation_3568670_1747.csv::s9,baseline_returned,1,True
Human_Astro::conversation_3596060_2005.csv::s1,baseline_returned,0,True
Human_Astro::conversation_3596060_2005.csv::s11,baseline_returned,3,True
Human_Astro::conversation_3596060_2005.csv::s12,baseline_returned,3,True
Human_Astro::conversation_3596060_2005.csv::s13,baseline_returned,3,True
Human_Astro::conversation_3596060_2005.csv::s2,baseline_returned,0,True
Human_Astro::conversation_3596060_2005.csv::s3,baseline_returned,2,True
Human_Astro::conversation_3596060_2005.csv::s4,baseline_returned,1,True
Human_Astro::conversation_3596060_2005.csv::s5,baseline_returned,1,True
Human_Astro::conversation_3596060_2005.csv::s6,baseline_returned,0,True
Human_Astro::conversation_3596060_2005.csv::s7,baseline_returned,1,True
Human_Astro::conversation_3596060_2005.csv::s8,baseline_returned,1,True
Human_Astro::conversation_3596060_2005.csv::s9,baseline_returned,3,True
Human_Astro::conversation_3607008_1041.csv::s1,baseline_returned,0,True
Human_Astro::conversation_3607008_1041.csv::s10,baseline_returned,1,True
Human_Astro::conversation_3607008_1041.csv::s11,baseline_returned,1,True
Human_Astro::conversation_3607008_1041.csv::s2,baseline_returned,2,True
Human_Astro::conversation_3607008_1041.csv::s3,baseline_returned,0,True
Human_Astro::conversation_3607008_1041.csv::s4,baseline_returned,3,True
Human_Astro::conversation_3607008_1041.csv::s5,baseline_returned,1,True
Human_Astro::conversation_3607008_1041.csv::s6,baseline_returned,2,True
Human_Astro::conversation_3607008_1041.csv::s7,baseline_returned,0,True
Human_Astro::conversation_3607008_1041.csv::s8,baseline_returned,0,True
Human_Astro::conversation_3607008_1041.csv::s9,baseline_returned,1,True
Human_Astro::conversation_3630862_1330.csv::s1,baseline_returned,1,True
Human_Astro::conversation_3630862_1330.csv::s10,baseline_returned,2,True
Human_Astro::conversation_3630862_1330.csv::s2,baseline_returned,1,True
Human_Astro::conversation_3630862_1330.csv::s3,baseline_returned,1,True
Human_Astro::conversation_3630862_1330.csv::s4,baseline_returned,1,True
Human_Astro::conversation_3630862_1330.csv::s5,baseline_returned,1,True
Human_Astro::conversation_3630862_1330.csv::s6,baseline_returned,1,True
Human_Astro::conversation_3630862_1330.csv::s7,baseline_returned,2,True
Human_Astro::conversation_3630862_1330.csv::s8,baseline_returned,1,True
Human_Astro::conversation_3630862_1330.csv::s9,baseline_returned,1,True
Human_Astro::conversation_3684647_765.csv::s1,baseline_returned,0,True
Human_Astro::conversation_3684647_765.csv::s10,baseline_returned,0,True
Human_Astro::conversation_3684647_765.csv::s11,baseline_returned,0,True
Human_Astro::conversation_3684647_765.csv::s12,baseline_returned,0,True
Human_Astro::conversation_3684647_765.csv::s2,baseline_returned,0,True
Human_Astro::conversation_3684647_765.csv::s4,baseline_returned,3,True
Human_Astro::conversation_3684647_765.csv::s5,baseline_returned,1,True
Human_Astro::conversation_3684647_765.csv::s6,baseline_returned,1,True
Human_Astro::conversation_3684647_765.csv::s8,baseline_returned,2,True
Human_Astro::conversation_3684647_765.csv::s9,baseline_returned,2,True
Human_Astro::conversation_3712530_4320.csv::s1,baseline_returned,1,True
Human_Astro::conversation_3712530_4320.csv::s10,baseline_returned,0,True
Human_Astro::conversation_3712530_4320.csv::s11,baseline_returned,1,True
Human_Astro::conversation_3712530_4320.csv::s12,baseline_returned,3,True
Human_Astro::conversation_3712530_4320.csv::s13,baseline_returned,2,True
Human_Astro::conversation_3712530_4320.csv::s2,baseline_returned,3,True
Human_Astro::conversation_3712530_4320.csv::s3,baseline_returned,1,True
Human_Astro::conversation_3712530_4320.csv::s5,baseline_returned,2,True
Human_Astro::conversation_3712530_4320.csv::s6,baseline_returned,0,True
Human_Astro::conversation_3712530_4320.csv::s7,baseline_returned,2,True
Human_Astro::conversation_3712530_4320.csv::s8,baseline_returned,3,True
Human_Astro::conversation_3712530_4320.csv::s9,baseline_returned,1,True
Human_Astro::conversation_3753418_2788.csv::s1,baseline_returned,2,True
Human_Astro::conversation_3753418_2788.csv::s10,baseline_returned,1,True
Human_Astro::conversation_3753418_2788.csv::s2,baseline_returned,2,True
Human_Astro::conversation_3753418_2788.csv::s3,baseline_returned,2,True
Human_Astro::conversation_3753418_2788.csv::s4,baseline_returned,2,True
Human_Astro::conversation_3753418_2788.csv::s5,baseline_returned,0,True
Human_Astro::conversation_3753418_2788.csv::s6,baseline_returned,2,True
Human_Astro::conversation_3753418_2788.csv::s7,baseline_returned,1,True
Human_Astro::conversation_3753418_2788.csv::s8,baseline_returned,0,True
Human_Astro::conversation_3753418_2788.csv::s9,baseline_returned,1,True
Human_Astro::conversation_3761643_2353.csv::s1,baseline_returned,2,True
Human_Astro::conversation_3761643_2353.csv::s10,baseline_returned,1,True
Human_Astro::conversation_3761643_2353.csv::s11,baseline_returned,1,True
Human_Astro::conversation_3761643_2353.csv::s12,baseline_returned,1,True
Human_Astro::conversation_3761643_2353.csv::s13,baseline_returned,1,True
Human_Astro::conversation_3761643_2353.csv::s14,baseline_returned,1,True
Human_Astro::conversation_3761643_2353.csv::s16,baseline_returned,1,True
Human_Astro::conversation_3761643_2353.csv::s17,baseline_returned,2,True
Human_Astro::conversation_3761643_2353.csv::s18,baseline_returned,1,True
Human_Astro::conversation_3761643_2353.csv::s19,baseline_returned,1,True
Human_Astro::conversation_3761643_2353.csv::s2,baseline_returned,1,True
Human_Astro::conversation_3761643_2353.csv::s20,baseline_returned,1,True
Human_Astro::conversation_3761643_2353.csv::s21,baseline_returned,1,True
Human_Astro::conversation_3761643_2353.csv::s22,baseline_returned,3,True
Human_Astro::conversation_3761643_2353.csv::s3,baseline_returned,1,True
Human_Astro::conversation_3761643_2353.csv::s4,baseline_returned,1,True
Human_Astro::conversation_3761643_2353.csv::s5,baseline_returned,1,True
Human_Astro::conversation_3761643_2353.csv::s6,baseline_returned,2,True
Human_Astro::conversation_3761643_2353.csv::s7,baseline_returned,0,True
Human_Astro::conversation_3761643_2353.csv::s8,baseline_returned,0,True
Human_Astro::conversation_3761643_2353.csv::s9,baseline_returned,0,True
Human_Astro::conversation_3775635_1691.csv::s1,baseline_returned,3,True
Human_Astro::conversation_3775635_1691.csv::s10,baseline_returned,3,True
Human_Astro::conversation_3775635_1691.csv::s11,baseline_returned,3,True
Human_Astro::conversation_3775635_1691.csv::s12,baseline_returned,3,True
Human_Astro::conversation_3775635_1691.csv::s13,baseline_returned,3,True
Human_Astro::conversation_3775635_1691.csv::s14,baseline_returned,3,True
Human_Astro::conversation_3775635_1691.csv::s2,baseline_returned,2,True
Human_Astro::conversation_3775635_1691.csv::s3,baseline_returned,0,True
Human_Astro::conversation_3775635_1691.csv::s4,baseline_returned,3,True
Human_Astro::conversation_3775635_1691.csv::s5,baseline_returned,1,True
Human_Astro::conversation_3775635_1691.csv::s6,baseline_returned,1,True
Human_Astro::conversation_3775635_1691.csv::s7,baseline_returned,3,True
Human_Astro::conversation_3775635_1691.csv::s8,baseline_returned,1,True
Human_Astro::conversation_3775635_1691.csv::s9,baseline_returned,1,True
Human_Astro::conversation_418962_1436.csv::s1,baseline_returned,2,True
Human_Astro::conversation_418962_1436.csv::s10,baseline_returned,1,True
Human_Astro::conversation_418962_1436.csv::s11,baseline_returned,1,True
Human_Astro::conversation_418962_1436.csv::s12,baseline_returned,1,True
Human_Astro::conversation_418962_1436.csv::s13,baseline_returned,3,True
Human_Astro::conversation_418962_1436.csv::s14,baseline_returned,1,True
Human_Astro::conversation_418962_1436.csv::s15,baseline_returned,1,True
Human_Astro::conversation_418962_1436.csv::s16,baseline_returned,1,True
Human_Astro::conversation_418962_1436.csv::s17,baseline_returned,1,True
Human_Astro::conversation_418962_1436.csv::s2,baseline_returned,0,True
Human_Astro::conversation_418962_1436.csv::s3,baseline_returned,1,True
Human_Astro::conversation_418962_1436.csv::s4,baseline_returned,1,True
Human_Astro::conversation_418962_1436.csv::s5,baseline_returned,0,True
Human_Astro::conversation_418962_1436.csv::s6,baseline_returned,1,True
Human_Astro::conversation_418962_1436.csv::s8,baseline_returned,3,True
Human_Astro::conversation_418962_1436.csv::s9,baseline_returned,0,True
Human_Single::conversation_1045860_285.csv::s1,baseline_returned,1,True
Human_Single::conversation_1045860_285.csv::s2,baseline_returned,3,True
Human_Single::conversation_1045860_285.csv::s3,baseline_returned,1,True
Human_Single::conversation_1185325_1883.csv::s1,baseline_returned,1,True
Human_Single::conversation_1185325_1883.csv::s2,baseline_returned,1,True
Human_Single::conversation_1185325_1883.csv::s3,baseline_returned,1,True
Human_Single::conversation_1185325_1883.csv::s7,baseline_returned,1,
Human_Single::conversation_1185325_1883.csv::s8,baseline_returned,1,
Human_Single::conversation_135782_168.csv::s1,baseline_returned,3,True
Human_Single::conversation_1377435_2442.csv::s1,baseline_returned,1,True
Human_Single::conversation_1377435_2442.csv::s3,baseline_returned,1,True
Human_Single::conversation_1521109_1849.csv::s2,baseline_returned,1,True
Human_Single::conversation_915999_60.csv::s1,baseline_returned,1,True
Human_Single::conversation_915999_60.csv::s2,baseline_returned,1,True
Human_Single::conversation_915999_60.csv::s5,baseline_returned,1,
Human_Single::conversation_915999_60.csv::s6,baseline_returned,1,
Human_Single::conversation_915999_60.csv::s7,baseline_returned,1,
Human_Single::conversation_922772_1004.csv::s1,baseline_returned,0,True
Human_Single::conversation_922772_1004.csv::s2,baseline_returned,3,True
Human_Single::conversation_924306_1947.csv::s1,baseline_returned,1,True
Human_Single::conversation_924306_1947.csv::s2,baseline_returned,1,True
Human_Single::conversation_924306_1947.csv::s3,baseline_returned,2,True
Human_Single::conversation_924427_1283.csv::s1,baseline_returned,3,True
Human_Single::conversation_924427_1283.csv::s2,baseline_returned,1,True
Human_Single::conversation_971120_1297.csv::s1,baseline_returned,1,True
Human_Single::conversation_971120_1297.csv::s2,baseline_returned,3,True
Human_Single::conversation_971120_1297.csv::s5,baseline_returned,1,
Human_Single::conversation_1014545_1300.csv::s1,baseline_not_returned,0,False
Human_Single::conversation_1028497_4.csv::s1,baseline_not_returned,3,False
Human_Single::conversation_1028497_4.csv::s3,baseline_not_returned,0,
Human_Single::conversation_1028497_4.csv::s5,baseline_not_returned,3,
Human_Single::conversation_1279776_4.csv::s1,baseline_not_returned,0,False
Human_Single::conversation_1393970_340.csv::s1,baseline_not_returned,0,False
Human_Single::conversation_1393970_340.csv::s4,baseline_not_returned,0,
Human_Single::conversation_1393970_340.csv::s5,baseline_not_returned,0,
Human_Single::conversation_244875_4.csv::s1,baseline_not_returned,2,False
Human_Single::conversation_656390_1004.csv::s5,baseline_not_returned,3,
Human_Single::conversation_742410_1961.csv::s1,baseline_not_returned,0,False
Human_Single::conversation_807936_1947.csv::s1,baseline_not_returned,0,False
Human_Single::conversation_807936_1947.csv::s4,baseline_not_returned,3,
Human_Single::conversation_807936_1947.csv::s5,baseline_not_returned,0,
Human_Single::conversation_824271_2078.csv::s1,baseline_not_returned,0,False
Human_Single::conversation_824271_2078.csv::s10,baseline_not_returned,0,
Human_Single::conversation_824271_2078.csv::s9,baseline_not_returned,1,
Human_Single::conversation_833669_4.csv::s1,baseline_not_returned,2,False
Sitara-1::conversation_1253527_4336.csv::s1,Sitara-1,3,True
Sitara-1::conversation_1253527_4336.csv::s2,Sitara-1,0,True
Sitara-1::conversation_135007_4336.csv::s1,Sitara-1,0,False
Sitara-1::conversation_1802400_4336.csv::s1,Sitara-1,0,True
Sitara-1::conversation_1802400_4336.csv::s2,Sitara-1,2,True
Sitara-1::conversation_182120_4336.csv::s1,Sitara-1,3,True
Sitara-1::conversation_182120_4336.csv::s2,Sitara-1,2,True
Sitara-1::conversation_182120_4336.csv::s3,Sitara-1,2,True
Sitara-1::conversation_182120_4336.csv::s4,Sitara-1,2,True
Sitara-1::conversation_2139311_4336.csv::s1,Sitara-1,0,True
Sitara-1::conversation_2586574_4336.csv::s1,Sitara-1,1,True
Sitara-1::conversation_2586574_4336.csv::s2,Sitara-1,1,True
Sitara-1::conversation_2682414_4336.csv::s1,Sitara-1,3,True
Sitara-1::conversation_2682414_4336.csv::s2,Sitara-1,1,True
Sitara-1::conversation_2682414_4336.csv::s3,Sitara-1,3,True
Sitara-1::conversation_2912362_4336.csv::s1,Sitara-1,1,False
Sitara-1::conversation_3026913_4336.csv::s1,Sitara-1,2,False
Sitara-1::conversation_3027647_4336.csv::s1,Sitara-1,2,False
Sitara-1::conversation_3078083_4336.csv::s1,Sitara-1,3,True
Sitara-1::conversation_3078083_4336.csv::s2,Sitara-1,2,True
Sitara-1::conversation_3123002_4336.csv::s1,Sitara-1,3,True
Sitara-1::conversation_3123002_4336.csv::s2,Sitara-1,3,True
Sitara-1::conversation_3126894_4336.csv::s1,Sitara-1,3,False
Sitara-1::conversation_3143252_4336.csv::s1,Sitara-1,3,True
Sitara-1::conversation_3143252_4336.csv::s2,Sitara-1,0,True
Sitara-1::conversation_3146919_4336.csv::s1,Sitara-1,0,True
Sitara-1::conversation_3146919_4336.csv::s2,Sitara-1,1,True
Sitara-1::conversation_3151823_4336.csv::s1,Sitara-1,3,True
Sitara-1::conversation_3151823_4336.csv::s2,Sitara-1,1,True
Sitara-1::conversation_3151823_4336.csv::s3,Sitara-1,0,True
Sitara-1::conversation_3152344_4336.csv::s1,Sitara-1,3,True
Sitara-1::conversation_3152344_4336.csv::s2,Sitara-1,3,True
Sitara-1::conversation_3188492_4336.csv::s1,Sitara-1,2,True
Sitara-1::conversation_3238192_4336.csv::s1,Sitara-1,0,False
Sitara-1::conversation_3264411_4336.csv::s1,Sitara-1,3,True
Sitara-1::conversation_3264411_4336.csv::s2,Sitara-1,1,True
Sitara-1::conversation_3271307_4336.csv::s1,Sitara-1,0,True
Sitara-1::conversation_3271307_4336.csv::s2,Sitara-1,3,True
Sitara-1::conversation_3305426_4336.csv::s1,Sitara-1,3,False
Sitara-1::conversation_3323468_4336.csv::s1,Sitara-1,1,True
Sitara-1::conversation_3323468_4336.csv::s2,Sitara-1,1,True
Sitara-1::conversation_3323468_4336.csv::s3,Sitara-1,2,True
Sitara-1::conversation_3323468_4336.csv::s4,Sitara-1,2,True
Sitara-1::conversation_3355847_4336.csv::s1,Sitara-1,1,False
Sitara-1::conversation_3355943_4336.csv::s1,Sitara-1,3,False
Sitara-1::conversation_3370211_4336.csv::s1,Sitara-1,0,False
Sitara-1::conversation_3400356_4336.csv::s1,Sitara-1,0,True
Sitara-1::conversation_3400356_4336.csv::s2,Sitara-1,0,True
Sitara-1::conversation_3411029_4336.csv::s1,Sitara-1,2,False
Sitara-1::conversation_3429656_4336.csv::s1,Sitara-1,0,True
Sitara-1::conversation_3429656_4336.csv::s2,Sitara-1,0,True
Sitara-1::conversation_3436054_4336.csv::s1,Sitara-1,2,False
Sitara-1::conversation_3458672_4336.csv::s1,Sitara-1,0,False
Sitara-1::conversation_3460955_4336.csv::s1,Sitara-1,2,False
Sitara-1::conversation_3465322_4336.csv::s1,Sitara-1,1,False
Sitara-1::conversation_3470700_4336.csv::s1,Sitara-1,1,True
Sitara-1::conversation_3470700_4336.csv::s2,Sitara-1,2,True
Sitara-1::conversation_3473359_4336.csv::s1,Sitara-1,2,False
Sitara-1::conversation_3481489_4336.csv::s1,Sitara-1,0,False
Sitara-1::conversation_3485899_4336.csv::s1,Sitara-1,0,True
Sitara-1::conversation_3485899_4336.csv::s2,Sitara-1,1,True
Sitara-1::conversation_3499907_4336.csv::s1,Sitara-1,3,False
Sitara-1::conversation_3539097_4336.csv::s1,Sitara-1,0,True
Sitara-1::conversation_3539097_4336.csv::s2,Sitara-1,1,True
Sitara-1::conversation_3539097_4336.csv::s3,Sitara-1,1,True
Sitara-1::conversation_3541968_4336.csv::s1,Sitara-1,2,True
Sitara-1::conversation_3541968_4336.csv::s2,Sitara-1,2,True
Sitara-1::conversation_3542954_4336.csv::s1,Sitara-1,0,True
Sitara-1::conversation_3542954_4336.csv::s2,Sitara-1,3,True
Sitara-1::conversation_3542954_4336.csv::s3,Sitara-1,0,True
Sitara-1::conversation_3543871_4336.csv::s1,Sitara-1,0,False
Sitara-1::conversation_3546001_4336.csv::s1,Sitara-1,3,True
Sitara-1::conversation_3546001_4336.csv::s2,Sitara-1,2,True
Sitara-1::conversation_3547345_4336.csv::s1,Sitara-1,0,True
Sitara-1::conversation_3547345_4336.csv::s2,Sitara-1,0,True
Sitara-1::conversation_3547345_4336.csv::s3,Sitara-1,2,True
Sitara-1::conversation_3552080_4336.csv::s1,Sitara-1,2,True
Sitara-1::conversation_3552080_4336.csv::s2,Sitara-1,0,True
Sitara-1::conversation_3555463_4336.csv::s1,Sitara-1,3,True
Sitara-1::conversation_3555463_4336.csv::s2,Sitara-1,2,True
Sitara-1::conversation_3556062_4336.csv::s1,Sitara-1,0,True
Sitara-1::conversation_3556062_4336.csv::s2,Sitara-1,0,True
Sitara-1::conversation_3557997_4336.csv::s1,Sitara-1,1,True
Sitara-1::conversation_3557997_4336.csv::s2,Sitara-1,1,True
Sitara-1::conversation_3561703_4336.csv::s1,Sitara-1,1,True
Sitara-1::conversation_3561703_4336.csv::s2,Sitara-1,3,True
Sitara-1::conversation_3565128_4336.csv::s1,Sitara-1,3,True
Sitara-1::conversation_3565128_4336.csv::s2,Sitara-1,3,True
Sitara-1::conversation_3567422_4336.csv::s1,Sitara-1,0,True
Sitara-1::conversation_3567422_4336.csv::s2,Sitara-1,0,True
Sitara-1::conversation_3569286_4336.csv::s1,Sitara-1,3,False
Sitara-1::conversation_3573213_4336.csv::s1,Sitara-1,3,False
Sitara-1::conversation_3574193_4336.csv::s1,Sitara-1,1,False
Sitara-1::conversation_3576263_4336.csv::s1,Sitara-1,3,False
Sitara-1::conversation_3577422_4336.csv::s1,Sitara-1,3,False
Sitara-1::conversation_3577598_4336.csv::s1,Sitara-1,0,True
Sitara-1::conversation_3577598_4336.csv::s2,Sitara-1,1,True
Sitara-1::conversation_3577798_4336.csv::s1,Sitara-1,2,True
Sitara-1::conversation_3577798_4336.csv::s2,Sitara-1,0,True
Sitara-1::conversation_3577987_4336.csv::s1,Sitara-1,3,False
Sitara-1::conversation_3580611_4336.csv::s1,Sitara-1,1,False
Sitara-1::conversation_3582827_4336.csv::s1,Sitara-1,2,False
Sitara-1::conversation_3583157_4336.csv::s1,Sitara-1,0,True
Sitara-1::conversation_3583157_4336.csv::s2,Sitara-1,3,True
Sitara-1::conversation_3583564_4336.csv::s1,Sitara-1,3,True
Sitara-1::conversation_3583564_4336.csv::s2,Sitara-1,0,True
Sitara-1::conversation_3592610_4336.csv::s1,Sitara-1,3,False
Sitara-1::conversation_3597138_4336.csv::s1,Sitara-1,1,True
Sitara-1::conversation_3597138_4336.csv::s2,Sitara-1,3,True
Sitara-1::conversation_3600598_4336.csv::s1,Sitara-1,2,True
Sitara-1::conversation_3600598_4336.csv::s2,Sitara-1,3,True
Sitara-1::conversation_3600765_4336.csv::s1,Sitara-1,0,True
Sitara-1::conversation_3600765_4336.csv::s2,Sitara-1,0,True
Sitara-1::conversation_3600765_4336.csv::s3,Sitara-1,2,True
Sitara-1::conversation_3607679_4336.csv::s1,Sitara-1,1,False
Sitara-1::conversation_3608753_4336.csv::s1,Sitara-1,2,True
Sitara-1::conversation_3608753_4336.csv::s2,Sitara-1,0,True
Sitara-1::conversation_3609689_4336.csv::s1,Sitara-1,0,False
Sitara-1::conversation_3609751_4336.csv::s1,Sitara-1,0,True
Sitara-1::conversation_3609751_4336.csv::s3,Sitara-1,0,True
Sitara-1::conversation_3611235_4336.csv::s1,Sitara-1,3,True
Sitara-1::conversation_3611235_4336.csv::s2,Sitara-1,1,True
Sitara-1::conversation_3612597_4336.csv::s1,Sitara-1,0,False
Sitara-1::conversation_3615408_4336.csv::s1,Sitara-1,1,False
Sitara-1::conversation_3621169_4336.csv::s1,Sitara-1,3,True
Sitara-1::conversation_3622058_4336.csv::s1,Sitara-1,0,False
Sitara-1::conversation_3626523_4336.csv::s1,Sitara-1,0,True
Sitara-1::conversation_3626523_4336.csv::s2,Sitara-1,0,True
Sitara-1::conversation_3626523_4336.csv::s3,Sitara-1,2,True
Sitara-1::conversation_3627551_4336.csv::s1,Sitara-1,2,False
Sitara-1::conversation_3628759_4336.csv::s1,Sitara-1,2,True
Sitara-1::conversation_3628786_4336.csv::s1,Sitara-1,3,True
Sitara-1::conversation_3628786_4336.csv::s2,Sitara-1,1,True
Sitara-1::conversation_3629097_4336.csv::s1,Sitara-1,0,True
Sitara-1::conversation_3629097_4336.csv::s2,Sitara-1,3,True
Sitara-1::conversation_3630142_4336.csv::s1,Sitara-1,3,False
Sitara-1::conversation_3630452_4336.csv::s1,Sitara-1,0,True
Sitara-1::conversation_3630452_4336.csv::s2,Sitara-1,2,True
Sitara-1::conversation_3633289_4336.csv::s1,Sitara-1,0,False
Sitara-1::conversation_3635399_4336.csv::s1,Sitara-1,2,False
Sitara-1::conversation_3638627_4336.csv::s1,Sitara-1,0,False
Sitara-1::conversation_3638635_4336.csv::s1,Sitara-1,3,True
Sitara-1::conversation_3638635_4336.csv::s2,Sitara-1,1,True
Sitara-1::conversation_3641432_4336.csv::s1,Sitara-1,3,False
Sitara-1::conversation_3645304_4336.csv::s1,Sitara-1,0,False
Sitara-1::conversation_3650268_4336.csv::s1,Sitara-1,0,True
Sitara-1::conversation_3650536_4336.csv::s1,Sitara-1,2,True
Sitara-1::conversation_3650536_4336.csv::s2,Sitara-1,0,True
Sitara-1::conversation_3662855_4336.csv::s1,Sitara-1,2,False
Sitara-1::conversation_3663533_4336.csv::s1,Sitara-1,0,False
Sitara-1::conversation_3663916_4336.csv::s1,Sitara-1,0,True
Sitara-1::conversation_723109_4336.csv::s1,Sitara-1,3,False
Sitara-1::conversation_806869_4336.csv::s1,Sitara-1,3,False
Sitara-1::conversation_888636_4336.csv::s1,Sitara-1,1,False
Sitara-1::conversation_905636_4336.csv::s1,Sitara-1,3,True
Sitara-1::conversation_905636_4336.csv::s2,Sitara-1,3,True
Sitara-1::conversation_959130_4336.csv::s1,Sitara-1,0,True
Sitara-1::conversation_959130_4336.csv::s2,Sitara-1,0,True
Sitara-1::conversation_972065_4336.csv::s1,Sitara-1,3,False
Sitara-2::conversation_1147079_4336.csv::s1,Sitara-2,0,False
Sitara-2::conversation_1396719_4336.csv::s1,Sitara-2,3,True
Sitara-2::conversation_1860417_4336.csv::s1,Sitara-2,0,False
Sitara-2::conversation_1879424_4336.csv::s1,Sitara-2,0,False
Sitara-2::conversation_1898618_4336.csv::s1,Sitara-2,0,False
Sitara-2::conversation_2092151_4336.csv::s1,Sitara-2,0,True
Sitara-2::conversation_2397152_4336.csv::s1,Sitara-2,2,False
Sitara-2::conversation_3157764_4336.csv::s1,Sitara-2,0,True
Sitara-2::conversation_3157764_4336.csv::s2,Sitara-2,1,True
Sitara-2::conversation_3160815_4336.csv::s1,Sitara-2,3,False
Sitara-2::conversation_3400476_4336.csv::s1,Sitara-2,1,True
Sitara-2::conversation_3400476_4336.csv::s2,Sitara-2,3,True
Sitara-2::conversation_3413532_4336.csv::s1,Sitara-2,2,True
Sitara-2::conversation_3413532_4336.csv::s2,Sitara-2,2,True
Sitara-2::conversation_3600087_4336.csv::s1,Sitara-2,3,True
Sitara-2::conversation_3600087_4336.csv::s2,Sitara-2,3,True
Sitara-2::conversation_360686_4336.csv::s1,Sitara-2,3,False
Sitara-2::conversation_3846434_4336.csv::s1,Sitara-2,1,False
Sitara-2::conversation_3922798_4336.csv::s1,Sitara-2,2,False
Sitara-2::conversation_4027814_4336.csv::s1,Sitara-2,0,False
Sitara-2::conversation_4031241_4336.csv::s1,Sitara-2,1,False
Sitara-2::conversation_4048877_4336.csv::s1,Sitara-2,0,True
Sitara-2::conversation_4185968_4336.csv::s1,Sitara-2,2,False
Sitara-2::conversation_4318987_4336.csv::s1,Sitara-2,2,False
Sitara-2::conversation_4403950_4336.csv::s1,Sitara-2,0,True
Sitara-2::conversation_4403950_4336.csv::s2,Sitara-2,0,True
Sitara-2::conversation_4613992_4336.csv::s1,Sitara-2,0,False
Sitara-2::conversation_4676678_4336.csv::s1,Sitara-2,0,False
Sitara-2::conversation_4692098_4336.csv::s1,Sitara-2,0,False
Sitara-2::conversation_4802466_4336.csv::s1,Sitara-2,1,False
Sitara-2::conversation_5133396_4336.csv::s1,Sitara-2,1,False
Sitara-2::conversation_5152309_4336.csv::s1,Sitara-2,0,False
Sitara-2::conversation_5156256_4336.csv::s1,Sitara-2,3,False
Sitara-2::conversation_5156703_4336.csv::s1,Sitara-2,2,False
Sitara-2::conversation_5156709_4336.csv::s1,Sitara-2,2,False
Sitara-2::conversation_5158599_4336.csv::s1,Sitara-2,1,False
Sitara-2::conversation_5160856_4336.csv::s1,Sitara-2,0,False
Sitara-2::conversation_5161092_4336.csv::s1,Sitara-2,0,False
Sitara-2::conversation_5161202_4336.csv::s1,Sitara-2,2,False
Sitara-2::conversation_5162157_4336.csv::s1,Sitara-2,0,False
Sitara-2::conversation_5166849_4336.csv::s1,Sitara-2,2,False
Sitara-2::conversation_5167954_4336.csv::s1,Sitara-2,0,False
Sitara-2::conversation_5168464_4336.csv::s1,Sitara-2,2,False
Sitara-2::conversation_5169327_4336.csv::s1,Sitara-2,0,False
Sitara-2::conversation_5178039_4336.csv::s1,Sitara-2,0,False
Sitara-2::conversation_5179243_4336.csv::s1,Sitara-2,2,False
Sitara-2::conversation_5181346_4336.csv::s1,Sitara-2,0,True
Sitara-2::conversation_5181346_4336.csv::s2,Sitara-2,0,True
Sitara-2::conversation_5182178_4336.csv::s1,Sitara-2,0,True
Sitara-2::conversation_5182178_4336.csv::s2,Sitara-2,2,True
Sitara-2::conversation_5191664_4336.csv::s1,Sitara-2,3,True
Sitara-2::conversation_5191664_4336.csv::s2,Sitara-2,2,True
Sitara-2::conversation_5192014_4336.csv::s1,Sitara-2,3,False
Sitara-2::conversation_5192076_4336.csv::s1,Sitara-2,1,False
Sitara-2::conversation_5192596_4336.csv::s1,Sitara-2,2,False
Sitara-2::conversation_5193850_4336.csv::s1,Sitara-2,0,True
Sitara-2::conversation_5193850_4336.csv::s2,Sitara-2,1,True
Sitara-2::conversation_5196863_4336.csv::s1,Sitara-2,3,False
Sitara-2::conversation_5198046_4336.csv::s1,Sitara-2,3,False
Sitara-2::conversation_5200278_4336.csv::s1,Sitara-2,2,False
Sitara-2::conversation_5200655_4336.csv::s1,Sitara-2,3,True
Sitara-2::conversation_5200655_4336.csv::s2,Sitara-2,3,True
Sitara-2::conversation_5200660_4336.csv::s1,Sitara-2,0,False
Sitara-2::conversation_5201522_4336.csv::s1,Sitara-2,0,False
Sitara-2::conversation_5203512_4336.csv::s1,Sitara-2,0,False
Sitara-2::conversation_5205817_4336.csv::s1,Sitara-2,0,False
Sitara-2::conversation_5208311_4336.csv::s1,Sitara-2,0,False
Sitara-2::conversation_5210027_4336.csv::s1,Sitara-2,0,False
Sitara-2::conversation_5210404_4336.csv::s1,Sitara-2,3,False
Sitara-2::conversation_5211190_4336.csv::s1,Sitara-2,0,False
Sitara-2::conversation_5212476_4336.csv::s1,Sitara-2,3,False
Sitara-2::conversation_5213900_4336.csv::s1,Sitara-2,2,False
Sitara-2::conversation_5214285_4336.csv::s1,Sitara-2,2,False
Sitara-2::conversation_5218413_4336.csv::s1,Sitara-2,0,True
Sitara-2::conversation_5218413_4336.csv::s2,Sitara-2,2,True
Sitara-2::conversation_5226060_4336.csv::s1,Sitara-2,0,True
Sitara-2::conversation_5226060_4336.csv::s2,Sitara-2,2,True
Sitara-2::conversation_5227466_4336.csv::s1,Sitara-2,0,False
Sitara-2::conversation_5227780_4336.csv::s1,Sitara-2,0,False
Sitara-2::conversation_5229089_4336.csv::s1,Sitara-2,0,False
Sitara-2::conversation_5229616_4336.csv::s1,Sitara-2,0,True
Sitara-2::conversation_5229616_4336.csv::s2,Sitara-2,0,True
Sitara-2::conversation_5229616_4336.csv::s3,Sitara-2,0,True
Sitara-2::conversation_5229679_4336.csv::s1,Sitara-2,3,False
Sitara-2::conversation_5229880_4336.csv::s1,Sitara-2,2,False
Sitara-2::conversation_5230182_4336.csv::s1,Sitara-2,2,True
Sitara-2::conversation_5230182_4336.csv::s2,Sitara-2,3,True
Sitara-2::conversation_5232430_4336.csv::s1,Sitara-2,0,True
Sitara-2::conversation_5233496_4336.csv::s1,Sitara-2,0,False
Sitara-2::conversation_5235104_4336.csv::s1,Sitara-2,0,False
Sitara-2::conversation_5236467_4336.csv::s1,Sitara-2,1,False
Sitara-2::conversation_5241672_4336.csv::s1,Sitara-2,1,False
Sitara-2::conversation_5244133_4336.csv::s1,Sitara-2,3,False
Sitara-2::conversation_5246045_4336.csv::s1,Sitara-2,0,False
Sitara-2::conversation_5251163_4336.csv::s1,Sitara-2,0,False
Sitara-2::conversation_5255303_4336.csv::s1,Sitara-2,0,True
Sitara-2::conversation_5255303_4336.csv::s2,Sitara-2,2,True
Sitara-2::conversation_5255752_4336.csv::s1,Sitara-2,0,False
Sitara-2::conversation_5256384_4336.csv::s1,Sitara-2,0,False
Sitara-2::conversation_5258219_4336.csv::s1,Sitara-2,0,False
Sitara-2::conversation_5259595_4336.csv::s1,Sitara-2,0,True
Sitara-2::conversation_5259595_4336.csv::s2,Sitara-2,0,True
Sitara-2::conversation_5259865_4336.csv::s1,Sitara-2,0,False
Sitara-2::conversation_5261285_4336.csv::s1,Sitara-2,3,False
Sitara-2::conversation_5261384_4336.csv::s1,Sitara-2,0,False
Sitara-2::conversation_5262094_4336.csv::s1,Sitara-2,3,False
Sitara-2::conversation_5262692_4336.csv::s1,Sitara-2,0,False
Sitara-2::conversation_5263693_4336.csv::s1,Sitara-2,3,True
Sitara-2::conversation_5263693_4336.csv::s2,Sitara-2,0,True
Sitara-2::conversation_5263918_4336.csv::s1,Sitara-2,0,True
Sitara-2::conversation_5267920_4336.csv::s1,Sitara-2,2,False
Sitara-2::conversation_5268908_4336.csv::s1,Sitara-2,2,False
Sitara-2::conversation_5270185_4336.csv::s1,Sitara-2,3,False
Sitara-2::conversation_5272159_4336.csv::s1,Sitara-2,0,True
Sitara-2::conversation_5272159_4336.csv::s2,Sitara-2,0,True
Sitara-2::conversation_5274718_4336.csv::s1,Sitara-2,2,False
Sitara-2::conversation_646444_4336.csv::s1,Sitara-2,0,False
Sitara-2::conversation_958699_4336.csv::s1,Sitara-2,2,False
Sitara-2::conversation_974494_4336.csv::s1,Sitara-2,0,False
